Id,ORGANIZATION,NAME,GENDER,SPECIALITY,ADDRESS,CITY,STATE,ZIP,LAT,LON,ENCOUNTERS,PROCEDURES
8099e2e1-be7f-384f-bba6-28aa0a14c6ee,74ab949d-17ac-3309-83a0-13b4405c66aa,Ted955 Reilly981,M,GENERAL PRACTICE,881 Main Street,Fitchburg,MA,01420,42.586487,-71.80521,334,0
425714f0-6bde-301a-be7f-9c367b240174,4112b8b1-59df-3255-a7ca-f42ee0a4cb2e,Ambrose149 Feeney44,M,GENERAL PRACTICE,37 ROUTE 6A,SANDWICH,MA,025631801,41.766329400000004,-70.5147600346998,2,0
fc1a20f6-c2ed-39c1-93a0-449ac988d6c7,e09d4c49-c2ef-3b0f-9a46-3719d9219306,Jules135 Emard19,M,GENERAL PRACTICE,60 HOSPITAL RD,LEOMINSTER,MA,014533290,42.54031915,-71.76312990486304,14,0
ec081b6b-df0b-30f9-b482-d079060f1ec6,6fafb5d4-ecca-37ab-8d24-53036a8cbf1e,Wilber603 Nikolaus26,M,GENERAL PRACTICE,320 WEST CENTER STREET  2ND FLOOR,WEST BRIDGEWATER,MA,02379,42.016080599999995,-71.02601589317304,2,0
80d59ae6-e7c3-382a-b956-8db490bb0c71,aa682136-a4df-3942-9f50-e6fcee6c0b73,Bradley693 Runolfsson901,M,GENERAL PRACTICE,501 CORDWAINER DRIVE,NORWELL,MA,020611630,42.1647071,-70.88149077838713,23,0
adb00543-6a6e-39b9-8fb2-b4f078d42d05,5becf220-2978-3f33-bd38-9326947f85de,Tijuana228 Leannon79,F,GENERAL PRACTICE,240 LYNNFIELD STREET,PEABODY,MA,019605055,42.5141736,-70.97106354209534,11,0
53aa641f-1958-30bd-9641-e45c716a6eb6,a418cf76-2ee3-3736-a752-29ee33e86015,Nicolas769 Kuhlman484,M,GENERAL PRACTICE,62 CENTER STREET,FAIRHAVEN,MA,027193823,41.63663425,-70.90101829397507,1,0
0a4f209f-88c4-3604-8fbd-877384c0fe15,ab701a70-a658-340e-8f69-ee196a7d40c6,Jolie499 Parisian75,F,GENERAL PRACTICE,484 RTE 134,WORCESTER,MA,016071728,42.2625621,-71.8018877,1,0
941288a8-abbf-369d-ae3c-c7388315cd0f,71472d9b-aa5c-3b49-a5c3-d0eee8859015,Tyree261 Kutch271,M,GENERAL PRACTICE,118 WATERHOUSE RD STE C,BOURNE,MA,025328305,41.7281115,-70.5861571324252,135,0
9187573e-440b-3fc5-8f8b-a85b8b5fa5f9,88e28a1c-aad9-36d0-832b-b579ecb95c3d,Cherish740 Toy286,F,GENERAL PRACTICE,14 MANNING AVENUE,LEOMINSTER,MA,014535768,42.5253035,-71.7584413,18,0
4966324b-f72c-337d-b55a-ec0313dd1077,52ecddd8-42f6-35cc-88a5-cf474c02fb49,Javier97 Otero621,M,GENERAL PRACTICE,94 OBERY STREET,PLYMOUTH,MA,023602130,41.93725,-70.65503160208334,5,0
34e6f98f-de81-3fce-ac87-0a68bfa621f1,59d1f454-5701-3f71-8fe7-94f785e15062,Wilton999 Lesch175,M,GENERAL PRACTICE,57 OLD ROAD TO 9 ACRE CORNER,WEST CONCORD,MA,017423317,42.4566859,-71.3942316,3,0
df19c3ae-caf9-30d4-bafb-6ac37b5a8819,1311c44a-85cb-3aea-a143-e5d7892ced8b,Manuela585 Borrego496,F,GENERAL PRACTICE,300 KENSINGTON AVE,SPRINGFIELD,MA,011071139,42.091896,-72.559437,154,0
d19f04da-8b68-33a4-8165-1215f0424436,5fab4eec-522e-334a-a3e0-41605e009495,Lou594 Fadel536,M,GENERAL PRACTICE,485 FRANKLIN ST,FRAMINGHAM,MA,017026215,42.2901292,-71.42823088074331,3,0
2d871213-31ef-3a54-8aa9-b2170e44d5b4,4bf8af75-4da2-331d-b94e-9975a887face,Rudy520 Mosciski958,M,GENERAL PRACTICE,57 PROSPECT ST,NANTUCKET,MA,025542799,41.27514065,-70.10108985970798,49,0
999ce1c3-e250-3b97-b3a3-fe774b49acc4,5fcff9db-16e4-3e56-aa78-abbc16338097,Margene509 Schamberger479,F,GENERAL PRACTICE,295 VARNUM AVE,WESTFORD,MA,018863513,42.5792583,-71.4378411,248,0
4c30f1df-37e6-3b61-9e95-75d0d90fee27,8fed5af6-8e61-33f5-9835-e5d3ac5fdd4a,Thersa321 Farrell962,F,GENERAL PRACTICE,11 SAINT ANTHONY ST,CHICOPEE,MA,010132141,42.1813162,-72.61495050899758,2,0
2f4cc1d0-9b43-34da-82d3-57312d6ab65c,84abfbd5-41c1-3df4-9b31-7ca93cb2309a,Jean712 Block661,F,GENERAL PRACTICE,85 HERRICK ST,BEVERLY,MA,019151790,42.56415055,-70.8751357650672,176,0
49a7af03-0fa8-3caa-9271-b085529f2373,fa61a21b-27de-3ba7-bc4a-0d7145bf72a6,Tamesha39 Rodriguez71,F,GENERAL PRACTICE,100 CUMMINGS CTR,BEVERLY,MA,019156126,42.559237100000004,-70.88594445364896,15,0
ad78e20c-ff16-323c-bcef-7a5c0f1cc2f1,1ddd51d1-7297-3c3b-bad5-98aecd5e4a79,Derrick232 Kub800,M,GENERAL PRACTICE,127 CAMBRIDGE STREET  SUTIE #2B,BURLINGTON,MA,018033735,42.50188325,-71.19559351572005,13,0
0da1d660-7c4b-3c63-98c9-9b6adfd8cade,2e1eaaf1-ebb0-332c-8921-f48e15b91879,Tambra47 Nolan344,F,GENERAL PRACTICE,2 SEAPORT DRIVE,QUINCY,MA,021711599,42.29287335,-71.03019020136307,4,0
39f35f32-101d-3da2-8007-85292b09be6e,c272e12f-e154-3fee-b05d-b7c0cab2657d,Trinidad33 King743,M,GENERAL PRACTICE,800 WASHINGTON ST,NORWOOD,MA,020623487,42.1886973,-71.2005241,22,0
cd137299-490c-3ce8-bf5e-a27ae0b7fc22,b99b7849-2b53-33fb-8ce2-e3a95f17ae51,Bee658 Pouros728,F,GENERAL PRACTICE,910 BOSTON POST ROAD SUITE 320,MARLBOROUGH,MA,017523761,42.355106,-71.47654,1,0
f90609ab-f573-3496-9f65-68553233e587,f6a306cf-7bd6-35f4-a6b7-2d07d273914c,Carolynn568 Von197,F,GENERAL PRACTICE,63 FOUNTAIN ST STE 402,FRAMINGHAM,MA,017026280,42.27595495,-71.42631150114194,28,0
152a03b1-b0ae-3853-b293-a7e6e6ce7b1a,0ddb0329-b59d-3187-874c-602c649249c8,Lynn917 Cassin499,F,GENERAL PRACTICE,115 W SILVER ST,WESTFIELD,MA,010853678,42.1178811,-72.75935246865802,131,0
e4025cb9-13ee-3caf-8bc5-1347fa016381,764bf964-6ab7-30eb-885b-3d713ca43265,Wayne846 Wilderman619,M,GENERAL PRACTICE,ROUTE 6   P O BOX 1430,WELLFLEET,MA,026677402,41.936423,-70.021074,5,0
95da9ee6-90a3-3568-a63c-e94bbf3e0d44,02c936e2-3aee-38b2-88a4-81f3689b7bb7,Aaron697 Kohler843,M,GENERAL PRACTICE,120 FISHER AVENUE,BOSTON,MA,021203320,42.3276141,-71.1051603,7,0
459c9770-74b8-304a-b6aa-2f4efe300dff,5f7663da-4b19-3629-b8f2-fb07d75421d9,Buck819 Johnson679,M,GENERAL PRACTICE,42 ASBURY ST,SOUTH HAMILTON,MA,019821808,42.61322825,-70.87300675048934,63,0
adc84db5-baa3-3c24-9942-3b1e1c781d59,609ec9f1-e806-3427-b912-9e3b2915521d,Terence292 Conn188,M,GENERAL PRACTICE,575 BEECH STREET,HOLYOKE,MA,010406604,42.20105435,-72.628169560868,3,0
fd9b903d-0c03-308b-b46e-e1a67d321939,5fa5e611-be3d-3ebb-8f71-124325f6005f,Rachele486 Nikolaus26,F,GENERAL PRACTICE,480 ROUTE 6A,EAST SANDWICH,MA,025371438,41.742172,-70.45251,101,0
a020ddbc-526c-3e6a-9655-c4817959dfc4,bff65303-97b4-3841-950a-1c9e9e735de0,Alline927 Schimmel440,F,GENERAL PRACTICE,100 AMITY ST,FALL RIVER,MA,027212202,41.6737661,-71.16934217317342,4,0
04746300-3acb-3dd3-ad0b-31976d265bf4,bf556284-7513-3620-a10e-5393183a9a87,Jesus702 Roob72,M,GENERAL PRACTICE,795 MIDDLE ST,FALL RIVER,MA,027211733,41.6924092,-71.16345107025307,162,0
2409b3b3-de11-387c-82b0-072eae2ce676,2b84e56e-08b4-3078-b3ea-4d159208e065,Verda448 Bahringer146,F,GENERAL PRACTICE,1029 PLEASANT ST,BRIDGEWATER,MA,023242301,41.9718173,-71.00937893001648,49,0
d8555279-28c9-367f-adfc-0050bca842fa,05137a62-1a8f-34ff-8baf-a0c35c238ea0,Colleen54 Olson653,F,GENERAL PRACTICE,750  ATTUCKS LANE,HYANNIS,MA,026011950,41.676027500000004,-70.29727035,11,0
c27f3c12-24c1-3e33-b709-c393f63a88d1,4ffa4412-1493-3beb-b8f0-6614dde953a4,Sulema841 Ryan260,F,GENERAL PRACTICE,363 HIGHLAND AVENUE,WAREHAM,MA,025715011,41.745636,-70.658192,1355,0
def33787-2c6a-3424-968f-01084aa72d6a,a14e698d-a9ba-3eae-9c8b-682ec726433d,Karla801 Cummerata161,F,GENERAL PRACTICE,776 WESTERN AVE,LYNN,MA,019052408,42.466763,-70.9494939,30,0
87cac8f1-5ab7-3493-bf07-84d993c1e2b0,69eae27b-7445-3652-bd34-b535abe0b011,Sidney996 Schneider199,M,GENERAL PRACTICE,9 BICKNELL ST,QUINCY,MA,021696003,42.252227399999995,-70.96584679278924,40,0
f3146fa8-02dd-3996-a67b-d3d2c88b745c,c3a898a1-c269-39b4-80d7-accb96a03bbc,Keith571 Friesen796,F,GENERAL PRACTICE,32 CHESTNUT ST,EAST LONGMEADOW,MA,010282803,42.0532618,-72.50214900582449,2,0
f6fa6518-2bf0-355b-95c9-64f03ee7a510,5ba6765a-f335-36b0-9c6a-6bb494c5330d,Sasha806 Schamberger479,F,GENERAL PRACTICE,31 OLD ROUTE 7,WESTWOOD,MA,020902333,42.2139873,-71.2244987,18,0
de67688e-a7b6-3741-82bc-d91ab77efbc5,b6eeaaf7-1683-3bcb-b6ee-81ce304636ef,Nicolás801 Nieves278,M,GENERAL PRACTICE,170 GOVERNORS AVE,MELROSE,MA,021763225,42.4564323,-71.064182,133,0
4dcb3798-39cd-32f2-9dda-cd10ff978830,1c42af32-f17e-32ec-b007-4ff8e2de493e,Ivette731 Wunsch504,F,GENERAL PRACTICE,235 NORTH PEARL STREET,STOUGHTON,MA,020723396,42.1004556,-71.0668392,5,0
a82c69ba-70b8-38fb-b221-5b421845df73,65eda534-1bdc-3192-8d02-1c3764447790,Alonso270 Hand679,M,GENERAL PRACTICE,1244 BOYLSTON ST,CHESTNUT HILL,MA,024672115,42.3214927,-71.1711481,34,0
1bbdf027-2425-39fb-b8ff-e8698ee3bc94,de29a374-221b-3cb4-8051-a02c1a35e5b7,Morgan564 Marvin195,M,GENERAL PRACTICE,562 WASHINGTON ST,SOUTH ATTLEBORO,MA,027036942,41.912892049999996,-71.36135809627689,14,0
592ce780-ddef-3262-bbc6-c23d6becdd2b,b0b89e26-30e3-35d4-af87-29fb529579cf,Julian715 Jakubowski832,M,GENERAL PRACTICE,391 HANOVER ST,FALL RIVER,MA,027205432,41.71019285,-71.14377103194548,1,0
0d3ff1f6-360b-3d0f-9818-c434655b9161,b03b624d-c939-3688-986d-9555b8009a3b,Bennett146 Hartmann983,M,GENERAL PRACTICE,230 MAPLE ST,HOLYOKE,MA,010405144,42.207406,-72.608419,59,0
0ffbfea7-91c1-3fe2-bc27-abb4f843f1fc,d3085315-9893-34c7-8889-3a31dc17c2b0,Zachery872 Rau926,M,GENERAL PRACTICE,1428 MAIN ST STE 7,WALPOLE,MA,020811729,42.1325911,-71.2618886,22,0
ead50d47-0a22-3a7e-93c1-203eea1b6c3f,469171e3-f6ec-3258-8e16-7038f6a439c0,Mireille557 Brakus656,F,GENERAL PRACTICE,COUNTRYSIDE DRIVE,MILFORD,MA,017571252,42.1413353,-71.5192019,4,0
02731a32-5533-3c29-9826-e4ccaefbb437,18061fd5-fda8-3e2d-87f0-0f3c87211bcc,Margarite168 Koepp521,F,GENERAL PRACTICE,1493 CAMBRIDGE ST,SOMERVILLE,MA,021431408,42.3875968,-71.0994968,178,0
18aff712-3622-3a73-9266-8baf3d01ac23,2d368a24-7410-3be2-ab17-da96581aabad,Quintin944 Medhurst46,M,GENERAL PRACTICE,65 WALNUT ST.,WELLESLEY,MA,024812188,42.324730450000004,-71.25364984557581,37,0
15734497-94b6-3ae7-8b63-d0753341d3a0,76281d34-caff-30e0-8545-bcdf33182109,Jewell855 Schmeler639,M,GENERAL PRACTICE,500 WILBUR AVENUE,SOMERSET,MA,027252051,41.72075205,-71.16843052114558,7,0
5e46ee25-d64c-3cb2-b313-378a7be70c3c,7e97f720-f99d-3402-98a4-a144aaa5bd01,Karl184 Hansen121,F,GENERAL PRACTICE,210 JONES RD,FALMOUTH,MA,025402974,41.5614958,-70.6117407224321,10,0
4857ab75-e7fb-308b-96d9-0deceafb3219,b3ada130-6443-3a8e-98c7-4ec127a2b0c4,Ned189 Haley279,M,GENERAL PRACTICE,ONE GREAT ROAD,ACTON,MA,017205601,42.4850931,-71.43284,79,0
e3527927-f639-3842-9335-f6d5ce17bd82,a36dcb53-a762-38d4-ae84-40f46195a6dd,Basil991 Reilly981,M,GENERAL PRACTICE,260 EASTHAMPTON ROAD,HOLYOKE,MA,010401213,42.226424,-72.646798,1,0
81519d03-87b7-3b93-8c62-2e46ce090855,7489f6e0-fee6-3fff-90b6-444868eb907c,Kasey569 Rau926,M,GENERAL PRACTICE,1 KIDDIE DRIVE  SUITE 106,AVON,MA,023221182,42.130150349999994,-71.05720685110387,8,0
e6a173a7-bff1-330b-92ce-c36b398ff7a0,084b19be-a78e-3626-b156-a50134fa7fe2,James276 Smitham825,M,GENERAL PRACTICE,10 RESEARCH PL STE 202,NORTH CHELMSFORD,MA,018632439,42.6389798,-71.3828403,39,0
0823f3b2-78ef-3862-84ed-d47c7c3c9ac7,1e11392b-1278-3e70-93cd-f396cbd0c265,Gerry91 Block661,F,GENERAL PRACTICE,115 LINCOLN ST,NATICK,MA,017607700,42.2843753,-71.3441395,385,0
a82678d7-d251-397c-8637-d413ff89e410,fe30f2b4-9bc8-346e-afba-4455d1766545,Wilson960 Turner526,M,GENERAL PRACTICE,17 LAFAYETTE AVENUE,CHELSEA,MA,021502010,42.40019115,-71.03050082480353,3,0
3f920173-7c1f-3f5e-9abb-71f3417153c8,6cf8a214-8d57-3267-85e5-7719e15cd63e,Cindie288 Zulauf375,F,GENERAL PRACTICE,170 MORTON STREET,JAMAICA PLAIN,MA,021303735,42.299067750000006,-71.10124351911541,45,0
6a4d9ea7-1e5d-3d65-8823-544db5261e66,13161e5b-02d2-3d19-8b48-26ef0becfc83,Erasmo545 Crooks415,M,GENERAL PRACTICE,165 CAPTAIN'S ROW,CHELSEA,MA,021504019,42.3917638,-71.0328284,11,0
89ddbd25-63d1-3820-a7e8-2b4267156968,b4e81d20-a3d6-39db-8b04-bcc4ab5de7b2,Carri827 Flatley871,F,GENERAL PRACTICE,354 WAVERLY ST,FRAMINGHAM,MA,017027079,42.276938650000005,-71.41386787587439,67,0
c53f655e-ce16-3ed8-9694-617b9d07ffe4,0fedae9f-701f-3317-9b2f-69aea2202cdc,Sharron285 Batz141,F,GENERAL PRACTICE,88 EAST NEWTON STREET,WINTHROP,MA,021522715,42.3750976,-70.982827,308,0
137b4c9e-2e12-317b-8516-8a23ccd7b141,9043e647-568d-3e87-9fc0-756a416392d3,Deandre599 Hartmann983,M,GENERAL PRACTICE,27 CENTENNIAL DR,PEABODY,MA,01960,42.52388415,-70.9519832,27,0
4c3e7b3f-1742-3c26-98c0-70a2e4568eeb,0cc04ba5-137a-3ef8-acda-e79b25960b2a,Fallon874 Homenick806,F,GENERAL PRACTICE,25 ADAMS ROAD,WILLIAMSTOWN,MA,012672928,42.7009605,-73.18515951851253,81,0
e5b7790c-3630-3713-80ec-1f72ac6c7b0d,733fc7d0-7cf3-3995-82ef-a9883b807273,Melissa844 Yundt842,F,GENERAL PRACTICE,175 FRANKLIN STREET,NORTH ADAMS,MA,012472712,42.70707,-73.10094536747326,1,0
81d52601-3160-39af-ac8a-d721b7bd5b00,9ab139f5-d278-31b4-b44e-feffdea65613,Shayla126 White193,F,GENERAL PRACTICE,88 ROUTE 6A 101,SANDWICH,MA,025631866,41.764922,-70.502215,10,0
406c8f46-5839-37c6-b047-173f1555bb9e,aade280a-3b90-3e48-9648-91109a964a63,Johna806 Klein929,F,GENERAL PRACTICE,909 SUMNER ST,DARTMOUTH,MA,027473826,41.6332267,-70.9879928,278,0
13ca4be2-426c-3485-9b5e-7c58e3bd9bb9,df3ffcde-b9eb-3965-acdf-f56a6d1424c4,Maurice742 Brakus656,M,GENERAL PRACTICE,1 ARSENAL MARKET PL,WAYLAND,MA,017781840,42.3632063,-71.3606721,3,0
02fadefe-def7-37b4-ac17-d4f4699dd9f5,7a3b8310-02eb-3c47-aa1b-3f55b3ed9de9,Lauretta754 Dare640,F,GENERAL PRACTICE,6 HATFIELD ST,NORTHAMPTON,MA,010602545,42.333172950000005,-72.6566355591273,1,0
909362c8-daed-3adb-99d6-1e554ea30582,794b1cc2-97be-30a4-83a0-4bf6add43c74,Lillia547 Gutmann970,F,GENERAL PRACTICE,215 THATCHER STREET,BROCKTON,MA,023023949,42.0740963,-70.99660306096918,15,0
279ab1e1-538f-383e-9bbb-146877dd9bd7,440fa4b8-c731-3cf5-81d9-aa3f30a37b95,Leticia253 Caraballo427,F,GENERAL PRACTICE,41 & 45 MALL ROAD,PEABODY,MA,019602901,42.5278731,-70.9286609,974,0
99152e87-0cfa-3a46-87d4-8aca204dccda,0fab3c4e-a028-39a6-b15a-be5a88b6aa2a,Miyoko154 Paucek755,F,GENERAL PRACTICE,222 STATE STREET,LUDLOW,MA,010563437,42.15547415,-72.47222226666076,394,0
12a1d48d-8a0b-31c7-bc32-c7c4a3dd7d30,3b021cb6-4745-3d9d-8436-230055f770bd,Eleni953 Franecki195,F,GENERAL PRACTICE,148 CHESTNUT ST,NEEDHAM,MA,024943238,42.27728075,-71.23665362814043,49,0
2fd29988-0b78-3336-9f84-8747ad287066,aaa7ebaf-b1a0-38c1-ba89-a16712cf431c,Violette536 Halvorson124,F,GENERAL PRACTICE,16 PLEASANT STREET,BRIDGEWATER,MA,023242420,41.98625885,-70.97978204646246,8,0
fd66c0eb-88a3-34a4-8129-f943a2a28553,ce53c877-0290-390a-b4b4-2462001a1713,Greg949 Hilll811,M,GENERAL PRACTICE,847 ROGERS STREET  SUITE 201,LOWELL,MA,018524345,42.6275246,-71.27673639687623,2,0
a065246f-06fc-32e6-9de5-37fe3c1dedc5,e9a24be5-b0a3-3fd2-a606-dd13498024ea,Darwin703 O'Hara248,M,GENERAL PRACTICE,85 E MAIN ST STE A,NORTON,MA,027662307,41.971697,-71.17689334021827,99,0
e231467e-df6f-3872-af52-b412804ba83c,57e4e5fa-d68d-3caa-a5ad-37beb1b51207,Abdul218 White193,M,GENERAL PRACTICE,800 WASHINGTON ST,NORWOOD,MA,020623487,42.1886973,-71.2005241,2,0
35a31bb3-a41e-3913-b8d5-82ce929ef11c,2befa435-3070-3350-a15c-e43ac1e84b24,Caridad510 Arredondo74,F,GENERAL PRACTICE,575 BEECH STREET,HOLYOKE,MA,010406604,42.20105435,-72.628169560868,8,0
9e27c644-f11d-369a-ad8a-a5eeb9b210e3,05b2593e-1bc1-32ee-8d9f-0aad4fa74ff0,Hilary419 Schaefer657,F,GENERAL PRACTICE,940 Belmont Street,Brockton,MA,02301,42.065655,-71.05398,63,0
028cce8c-0537-3ba1-ba65-8dd75a4aef0b,c92cc255-6778-3307-8092-987d667be4ce,Codi873 Bogisich202,F,GENERAL PRACTICE,89 FOSTER ST,PEABODY,MA,019608925,42.5278731,-70.9286609,28,0
c9a84602-2410-3745-b6b4-c915c345b92b,00ffb204-07b4-3c72-a678-fa252e6cf86c,Alex454 Satterfield305,M,GENERAL PRACTICE,450 BEDFORD ST,LEXINGTON,MA,02420,42.47370735,-71.25090005,103,0
564441ff-ee02-3f72-a664-59c4a5639cb4,b8421363-9807-3b16-a146-95336eea5cfb,Cleveland582 Kuphal363,M,GENERAL PRACTICE,30 LOCUST ST,NORTHAMPTON,MA,010602052,42.33032115,-72.65330802608176,196,0
3bb69442-4cb1-31a8-8d5d-0720e0d16e9c,8424b5ec-ba0a-32e9-94ae-a9d397884093,Booker670 Casper496,M,GENERAL PRACTICE,49 BLANCHARD STREET  SUITE 101,LAWRENCE,MA,018431456,42.69651155,-71.1612176954981,9,0
f3fdb08c-c5ff-34be-a127-d8e877042237,3498e7d3-90fd-366b-bc6a-6f41dad6bae6,Olympia319 Bradtke547,F,GENERAL PRACTICE,112 WEST MAIN STREET,NORTHBOROUGH,MA,015321824,42.318559050000005,-71.65097281611972,6,0
53db917a-69e2-34c8-b232-d3a1961be32a,7567027f-af4e-3cd6-b1bf-e764ca3a5866,Rusty501 Rodriguez71,M,GENERAL PRACTICE,215 BICENTENNIAL HWY,SPRINGFIELD,MA,011181962,42.095480800000004,-72.50509214731676,5,0
085f2b74-ffc7-3db1-980c-31367acd1b20,945104f1-4b95-3eed-bd02-5efa0afbf34d,Lauri399 Keebler762,F,GENERAL PRACTICE,20 CENTRAL AVE # 506,LYNN,MA,019011201,42.46410018181818,-70.9465129090909,4,0
15e1ca4f-e329-329d-b890-0e93ce0a6dd3,e854f053-5621-31fa-afa1-29040b0d7466,Zane918 Ferry570,M,GENERAL PRACTICE,1575 BLUE HILL AVE,BOSTON,MA,021262122,42.2698727,-71.0940406,47,0
3474c6e5-24aa-3595-9159-6540aa403b0f,65f0254a-73a3-3b06-bced-54d511445535,Elbert916 Carter549,M,GENERAL PRACTICE,720 BOSTON POST ROAD,MARLBOROUGH,MA,017523766,42.355106,-71.47654,7,0
dbb4ce37-ee66-39e6-bfb4-b8cc74cd22e1,901c2d40-1ca3-3879-9a20-c663b8adc0a9,Chanelle850 Schuster709,F,GENERAL PRACTICE,800 WASHINGTON STREET,STONEHAM,MA,021802445,42.4863168,-71.0928919,52,0
5814d3a6-878c-3672-87a1-2b083646c937,e6cc6043-299a-3581-8f6b-b3b5d62c46ae,Fritz267 Farrell962,M,GENERAL PRACTICE,532 SUMNER AVE,SPRINGFIELD,MA,011082458,42.08631583333334,-72.55792579166666,36,0
0e1387cd-6ff5-3c08-82ee-295c20e8e9b2,b9e35b8a-9831-32d8-a6dc-d7a546c126b0,Domenic627 Blick895,M,GENERAL PRACTICE,111 HUNTOON MEMORIAL HIGHWAY  1ST FLOOR,SPRINGFIELD,MA,011092550,42.1018764,-72.5886727,106,0
451cbb52-339a-3c6c-9cee-0a0ce6b26f9f,06988693-a9d8-392b-a2ce-a07de8a931ad,Krystyna791 Reinger292,F,GENERAL PRACTICE,136 BOSTON POST RD,SUDBURY,MA,017762406,42.3638568,-71.39664274207772,2,0
dd7ac91f-0b73-3355-a11d-5bfbafd19edd,22249c0a-8ce9-3726-a3bb-b037c773ce5c,Thaddeus38 Sauer652,M,GENERAL PRACTICE,337 NEPONSET AVENUE,DORCHESTER,MA,021223103,42.2875144,-71.0470691675753,11,0
7f26c5c5-355b-32c3-93b9-042ed71b5842,18df2721-3f76-3f83-94d5-63597cedd298,Juan88 Delvalle807,M,GENERAL PRACTICE,909 SUMNER ST,STOUGHTON,MA,020723396,42.1005097,-71.0830269025407,705,0
a0dd016a-05c9-3d8f-a5a0-651215cf34b8,38508743-50d1-3429-8fe2-37e42ddaf20e,Marth98 Mayer370,F,GENERAL PRACTICE,164 HIGH ST,GREENFIELD,MA,013012778,42.595268700000005,-72.59288632376354,178,0
ef3bb10c-1957-3669-b386-4ce97d64ee9b,2f735290-1603-31b5-b561-7c8e0d413170,Amado512 Adams676,M,GENERAL PRACTICE,100 FOXBOROUGH BLVD STE 230,FOXBOROUGH,MA,020352878,42.041851949999995,-71.23486657070565,24,0
617555ad-b3e4-34a6-8b8b-8b72030ba3df,dd3307db-114c-3f11-be44-a9eef6bb3fc5,Francis500 Ratke343,M,GENERAL PRACTICE,269 UNION STREET,LYNN,MA,019011201,42.4652772,-70.94362420273097,61,0
208b333c-fa98-3326-865c-fe09d7097288,810c33cd-83fe-36e9-8fe6-ef78eb2c6fb9,Brenton674 Hackett68,M,GENERAL PRACTICE,3 VISION DR,NATICK,MA,017602059,42.3026972,-71.35370110550767,1,0
d01c751a-461b-3abf-84ac-0a392bb2f95a,f2068cee-c75c-321d-9b2c-c33535db89c9,Charles364 Prosacco716,F,GENERAL PRACTICE,32 BOSSI AVE,RANDOLPH,MA,023682002,42.20017865,-71.0582074,167,0
f9bf6c6b-ee5f-3dac-99f2-0c594532493e,9b1f8cd0-2246-3f4f-82df-23ea314c7665,Claudio955 Bruen238,M,GENERAL PRACTICE,800 ESSEX ST,LAWRENCE,MA,018414617,42.70162725,-71.1755487945157,2,0
be51661a-6553-3747-bd7c-2377dc0883b5,15d4c950-4691-3996-b4c4-bf06bfb58ff7,Azucena377 Crona259,F,GENERAL PRACTICE,70 EAST ST,METHUEN,MA,018445883,42.7285558,-71.16833738237946,464,0
070a147b-91a0-3abe-9127-38c8b32994db,655f2a4f-419c-39d3-8ed6-6c4117eb7e32,Gerardo48 Herzog843,M,GENERAL PRACTICE,21 MAIN ST,NORTH READING,MA,018641326,42.566971949999996,-71.10799861135133,29,0
53e93afd-bb89-3f97-97b1-6dfb8286f627,118e081c-c2f2-35cd-b9c3-ef534f1b7830,Nilda678 Ziemann98,F,GENERAL PRACTICE,1364 MAIN ST,READING,MA,018671137,42.55581805,-71.10585713492983,3,0
bf019d11-090d-315b-81de-fa9dc18edf88,5018c664-e283-30eb-932a-529d9a19b3b5,Numbers230 Stehr398,M,GENERAL PRACTICE,300 SOUTH ST,WOBURN,MA,018014979,42.473347,-71.144086,17,0
e4a3043a-1344-3a7d-8bde-6a586b45ce90,2e8b42f8-4300-30a9-a576-d513d1021a0a,Chris95 Haag279,M,GENERAL PRACTICE,600 CLARK RD,TEWKSBURY,MA,018761699,42.63120935,-71.27023603178071,49,0
8eba1794-fd36-3514-9ae1-d5fe57728999,5ba77f2c-8ce5-3dde-bb46-3ffcceb3bfbf,Isidra572 Quitzon246,F,GENERAL PRACTICE,188 FLORENCE ST,CHESTNUT HILL,MA,024672641,42.31835025,-71.17401686317635,1,0
c620eef3-f3aa-3096-8fcf-772b83bc14d0,d140ed3f-2696-3e78-bd77-1c959ec4fc4d,Orpha286 Marks830,F,GENERAL PRACTICE,863 HATHAWAY ROAD,NEW BEDFORD,MA,027401916,41.6512968,-70.9669902070805,15,0
e64938a7-b5eb-38f3-9e4a-4b5df784adc1,d4e48a16-0a60-3e90-81e5-c35b22ffe6af,Bertram873 Kutch271,M,GENERAL PRACTICE,856 STATE RD,NORTH ADAMS,MA,012473027,42.69967208677275,-73.16330754755236,346,0
b7620442-4b7e-3148-96d6-0f614c805b0f,4ff8b164-4cf5-3ab4-b0f2-7ce8fda920e5,Theo630 Mante251,M,GENERAL PRACTICE,800 WASHINGTON ST,WORCESTER,MA,016550002,42.180483,-71.867782,92,0
42124967-744b-327b-ae2f-98633d3384b4,39c15c0f-5c49-311e-99d2-1fb99d80e06e,Nancie476 Homenick806,F,GENERAL PRACTICE,398 NEPONSET AVE,DORCHESTER,MA,021223134,42.286764399999996,-71.04402811508834,64,0
9cf9dbd2-1f15-3299-b7bd-655146c37a96,e39e92a8-2fde-314a-8fb1-8551218f03d9,Oliva247 Runolfsdottir785,F,GENERAL PRACTICE,60 EAST ST,METHUEN,MA,018444547,42.7265686,-71.16640139527428,62,0
27ed2521-ab92-3be5-8828-5c7940d1fa9d,bccd7d67-203c-3d93-b6b0-bff5a146cd1d,Paulene52 Kihn564,F,GENERAL PRACTICE,286 WASHINGTON ST,STOUGHTON,MA,020721763,42.1384306,-71.1022598,63,0
69595224-5bfa-3a82-b0d7-ca34745c2952,63cb4d95-04a9-3a35-b5d9-f89e0377a48d,Chu728 Weber641,F,GENERAL PRACTICE,211 PARK ST,ATTLEBORO,MA,027033143,41.9419187,-71.2752081695297,8,0
ca3c8d08-4760-3ccd-bce1-b5e8c92eebbd,6e290541-eba3-37fc-a3e2-e58f77e84c7e,Gregory545 Toy286,M,GENERAL PRACTICE,15 LENOX ST.,SPRINGFIELD,MA,011083122,42.085779,-72.55846414285715,28,0
2b96e3a8-15bd-371b-8653-a66267735d22,263d1b03-1560-3fc3-b93d-c33a0cbd5837,Nam74 Treutel973,F,GENERAL PRACTICE,10 RIVERSIDE DRIVE  STE 201,LAKEVILLE,MA,023471689,41.8771119,-70.92344635,4,0
e6df0277-4680-3fd0-9a23-98262d0d212a,4e880cb9-1ca0-3582-b8cf-8a59b0d2b878,Haywood675 Bednar518,M,GENERAL PRACTICE,51 S CHURCH ST,PITTSFIELD,MA,012016178,42.44648205,-73.25863241543368,59,0
7f63c023-a7d4-3df0-9688-c6c9b3bed29b,a2a41caf-758f-3962-8e5f-e6e603f93d17,Rhett759 Padberg411,M,GENERAL PRACTICE,111 HUNTOON MEMORIAL HWY,ROCHDALE,MA,015421305,42.2020225,-71.89891616754682,700,0
78b54a58-9f38-3933-8f83-5e98d8b59331,0d24cc89-3256-330c-b36d-d8de8babef84,Will178 Bernhard322,M,GENERAL PRACTICE,1030 FALMOUTH RD,SOUTH YARMOUTH,MA,026641218,41.6667779,-70.1847414,67,0
99957db5-8c57-3a67-9aac-ea1a72efc120,db28cc9a-fdfb-35a6-aef7-ab9b933ef244,Judy192 Gleason633,F,GENERAL PRACTICE,8 DANA STREET,CAMBRIDGE,MA,021385402,42.3694992,-71.11011030010101,7,0
e68763e0-5aba-3dce-aafa-f3b37d96c203,844a8cb2-4164-35b2-88b8-dffa2889a738,Alonzo487 Conn188,M,GENERAL PRACTICE,150 UNIVERSITY DRIVE,AMHERST,MA,010022232,42.368937,-72.53247107203978,1,0
48694916-8807-3d91-b027-e791490b153d,bfb9ab7d-7b8a-36c9-ac27-d210a6f6f412,Neal874 Bechtelar572,M,GENERAL PRACTICE,8 LEWIS POINT ROAD,BUZZARDS BAY,MA,025325613,41.745383,-70.618087,1,0
a3a12f4d-a311-3b99-9821-3c5795b12748,a6fb79e7-4abb-3a68-b62d-e501427fdca4,Barb55 Renner328,F,GENERAL PRACTICE,489 WASHINGTON ST STE 202,AUBURN,MA,015015709,42.187836,-71.83104,40,0
b3a1f953-5f1b-3623-b4a2-892538ab1839,9d0e702d-50a0-3f4c-9126-0951d560fd4b,Otha286 Roberts511,M,GENERAL PRACTICE,189 MAY ST,WORCESTER,MA,016024339,42.25986305,-71.83597786023279,65,0
985fba04-75fb-3857-9d82-28717d00655d,c7542447-e06e-32cb-b6db-243c23a0dbc2,Carson894 Krajcik437,M,GENERAL PRACTICE,30 WARREN ST,BOSTON,MA,021353602,42.3501483,-71.14393324457691,39,0
83685df9-1238-321f-953b-bc87104add5e,50c47685-8125-3c50-8311-8bd7ba9e9108,Mariano761 Gómez206,M,GENERAL PRACTICE,4199 WASHINGTON ST,ROSLINDALE,MA,021311733,42.2871447,-71.1277526,52,0
2b54e31d-7e44-3721-a2f7-0bd6b5625a03,8bf5325a-c11b-35c4-b07d-17a5aeba8353,Penni796 Okuneva707,F,GENERAL PRACTICE,815 WORCESTER STREET,SPRINGFIELD,MA,011511001,42.1018764,-72.5886727,12,0
19115e72-8342-3752-85f4-9dd9caa2422c,0b2738b6-7911-3aa4-8b6e-7e1df7c14fe1,Kayleen757 Stokes453,F,GENERAL PRACTICE,888 N MAIN ST,BROCKTON,MA,023011668,42.1061239,-71.02807965450519,2,0
d86f13ad-11fc-3f15-bfce-aaa3f0f3af6a,9d2a1656-0f4d-30d1-bc63-eb365a05529c,Lorene243 Ward668,F,GENERAL PRACTICE,235 N PEARL ST,BROCKTON,MA,023011794,42.09805395,-71.0609587194362,77,0
85faa83c-037d-3f3f-aafb-ef62b31f38c6,aba3e6f6-4562-342e-b90f-dd61b117f394,Norbert530 White193,M,GENERAL PRACTICE,438 CHESTNUT STREET,SPRINGFIELD,MA,011072008,42.11291091861002,-72.59692685125127,2,0
6c7fc5c1-81c2-3bd1-89ff-c8246ea3d015,a4b91172-69e7-3895-bd89-b9a0868de5c2,Shanita956 Wolff180,F,GENERAL PRACTICE,651 ORCHARD ST,NEW BEDFORD,MA,027441052,41.6149879,-70.93113851963673,14,0
a56deacb-a3db-39b9-997d-e5dd8458702e,47fb5a56-bee5-3ecd-9958-706b20831c82,Karey608 Torp761,F,GENERAL PRACTICE,600 CUMMINGS CENTER  SUITE 270X,WOBURN,MA,018016356,42.4792618,-71.1522766,8,0
29cc89c8-f22a-307d-a393-b2243910f047,30547c24-6d41-3a9d-8a21-cc3606224d38,Aurore252 Farrell962,F,GENERAL PRACTICE,1200 BRUSH HILL ROAD,MILTON,MA,021862337,42.23073215,-71.122659913074,1,0
a807ff54-2f32-3bdc-8747-7c7818ad1334,ca8a919a-05f9-3687-bfb6-42800a70031e,Josue598 Flatley871,M,GENERAL PRACTICE,6111 OAK TREE BLVD STE 301,FRAMINGHAM,MA,017014613,42.3095704,-71.4413097,171,0
77273a4a-54d4-30fa-a725-cc78d69c7c8c,eee00932-ca82-36bc-b7e8-e3fff6dbaeaa,Leif534 Hane680,M,GENERAL PRACTICE,450 BROOKLINE AVE,WEYMOUTH,MA,021893141,42.2212188,-70.9391625,33,0
201a937e-0af5-31e6-a950-d1c065a69748,be509ccb-bfb7-3b87-8945-8426b689ef9d,Man114 Balistreri607,M,GENERAL PRACTICE,2049 DORCHESTER AVENUE,BOSTON,MA,021244742,42.3554334,-71.060511,1,0
8934a444-e795-3c76-a161-5d41d8d0108d,6f90eaad-abe3-3ce0-b9a6-2031c5674f0d,Claribel706 Wuckert783,F,GENERAL PRACTICE,800 TURNPIKE ST STE 300,NORTH ANDOVER,MA,018456156,42.66074825,-71.10724143845708,14,0
c52a5f62-4f89-3141-9522-c6a52766ceef,065eba51-cef7-3976-8654-ba8e7df887ce,Lyndon118 Block661,M,GENERAL PRACTICE,1165 NORTH PLEASANT STREET,AMHERST,MA,01002,42.40927615,-72.52971238527101,11,0
b693dc45-e357-3638-85ec-f11b2decfe44,a06b1a97-d6ce-3ea1-ba4a-2ef85a8114ab,Wanda961 Goyette777,F,GENERAL PRACTICE,400 GROTON ROAD,AYER,MA,014321171,42.57821195,-71.5733060441645,2,0
8bc03e80-ee62-3fd8-9e69-6847fd628ba4,da35b999-0af8-380e-9912-cd8b3bc09f53,Roland928 Hirthe744,M,GENERAL PRACTICE,50 REDFIELD ST,WORCESTER,MA,016081531,42.2625621,-71.8018877,16,0
e0544260-bcc7-3087-8599-9730155bcb7a,f8918a95-31e8-3ac4-8d12-29ca6080ebda,Domitila545 Vandervort697,F,GENERAL PRACTICE,199 REEDSDALE RD,MILTON,MA,021863926,42.251368299999996,-71.0768393856917,863,0
d37b4d46-a8a3-39fb-8565-daabcba56466,bce5b907-584b-345d-bbcf-912cf56cb6c3,Monte325 Parisian75,M,GENERAL PRACTICE,11-15 SANDERSDALE ROAD,WORCESTER,MA,016032467,42.0667952,-72.0084995,123,0
5608bf44-f535-33ea-9c51-a4e27b391c55,9cec3b3c-fe3f-344e-b9c3-e414dafcd19f,Parthenia862 Dickens475,F,GENERAL PRACTICE,120 MAIN ST,MALDEN,MA,021486904,42.41918695,-71.06618960434116,1,0
4175fc4a-a8d4-3e02-9777-fe08b29883e1,0ec04450-c150-322d-b2c3-1449d672a23c,Renaldo199 Huels583,M,GENERAL PRACTICE,110 W SQUANTUM ST,NORTH QUINCY,MA,021712122,42.27259075,-71.03082765,30,0
0e2a782a-80bf-37dd-b877-f5c15271466b,fd650ebc-a642-3818-b073-692473cd31f1,Larisa542 Kris249,F,GENERAL PRACTICE,900 CUMMING CENTER,BEVERLY,MA,019156181,42.5584284,-70.8800491,127,0
2bb4a101-d26c-3681-9c69-f7f3d7b881c3,3ff0f58b-7a1f-3334-9449-ff15f68b7d86,Crystle668 McCullough561,F,GENERAL PRACTICE,275 SANDWICH ST,PLYMOUTH,MA,023607761,41.94186605,-70.6455366462985,141,0
52b9a613-6257-3f93-8361-90d120808858,70e3ad4f-b9ff-3f3e-9990-2cd7e23a9d1c,Zane918 Bosco882,M,GENERAL PRACTICE,1238 RIVERDALE ST,WEST SPRINGFIELD,MA,010894675,42.1373438,-72.62624707492338,30,0
bf710ff5-4c73-3732-8683-ad0156aa1875,75846b1f-d0ec-3255-9bdd-d09eb0a9dd0d,Ester635 Carrero892,F,GENERAL PRACTICE,575 BEECH ST,HOLYOKE,MA,010402296,42.20105435,-72.628169560868,25,0
6ef0131c-d1a0-33d6-a6ca-1751cc7aba4c,dd280187-8662-3732-af81-595d10572911,Clifton91 Lakin515,M,GENERAL PRACTICE,4499 ACUSHNET AVE,NEW BEDFORD,MA,027454707,41.74026055,-70.9450945705336,106,0
0657813d-acfe-3dab-a5e6-b23f30843438,a6964d47-8af0-3df2-b99d-d8414eb1cfa3,Adrienne302 Schiller186,F,GENERAL PRACTICE,200 MAY ST,SOUTH ATTLEBORO,MA,027035520,41.924394750000005,-71.36076410900014,204,0
307f90d1-dc65-3f80-933f-65aa0e14409f,e2a4a148-7e7e-3df4-aa79-1835caf7baea,Clair921 Grady603,M,GENERAL PRACTICE,472 MAIN ST,ACTON,MA,017205953,42.4861111,-71.4335468,12,0
234df1e9-6a2b-36fa-9c1e-81a6122f9fe1,dae3ee01-f383-366e-9ad6-dc92963064ea,Kristin64 Will178,F,GENERAL PRACTICE,1233 MAIN ST,HOLYOKE,MA,010405381,42.16578055,-72.63389634691956,259,0
78ccb98f-ac0a-3db1-b75f-ea9486f1d164,6d947ed4-9b7f-3720-8141-67109691d2e7,Kenia28 Eichmann909,F,GENERAL PRACTICE,73 Eagle Street,Pittsfield,MA,01201,42.451427,-73.25195,963,0
03132274-2f47-3220-9ed5-5dd0074b0b4f,dac75bc1-cbfa-306b-9a0a-88d5edf3638d,Addie421 Ebert178,F,GENERAL PRACTICE,170 COREY ROAD,BRIGHTON,MA,021358244,42.3433093,-71.14003855124017,1,0
c9330364-ccb3-3409-858e-7a74d4606035,b7488009-cd48-3a0d-87c4-6c47d1ceb3c8,Raymundo71 Hayes766,M,GENERAL PRACTICE,95 COMMERCIAL STREET,BRAINTREE,MA,021844301,42.22110375,-70.97097247044559,2,0
2a757a0a-0b1c-3143-b839-d6649eaf3791,371948e4-733a-33b6-a835-68abefdeb59f,Roxanna261 Gleichner915,F,GENERAL PRACTICE,197 ADAMS RD,WILLIAMSTOWN,MA,012672930,42.704126099999996,-73.19043030392987,494,0
05cf66bd-5db0-308c-a4f0-ae910774cefe,b7b02632-03e1-330a-aa40-fdee22899633,Rob341 Cormier289,M,GENERAL PRACTICE,840 HARRISON AVE,ROXBURY,MA,021203432,42.3279605,-71.0830607,54,0
c3ce379d-42ff-3ff3-9624-8dbe4ecb2fdf,63b4f233-fb49-3b1e-a17c-2d572367b131,Jerry654 Baumbach677,M,GENERAL PRACTICE,2222 CENTRE STREET,WEST ROXBURY,MA,021324034,42.27370345,-71.15856364656862,2,0
a21feafa-29cb-36f8-9255-b33f445fd462,f82ff162-c689-3682-876c-220cf96eb97b,Janey243 Schoen8,F,GENERAL PRACTICE,74 MAIN ST,FRAMINGHAM,MA,017022952,42.2976266,-71.42605348361442,20,0
d3a39f76-8ba2-33ef-a47f-5ccdf983b80a,9d989fcf-4ad9-3972-ada3-f275d967781e,Cristi782 Miller503,F,GENERAL PRACTICE,100 TER HEUN DR,SANDWICH,MA,025632377,41.7579043,-70.4968152,865,0
c73d28e2-7d61-3576-b217-9c410d6bece9,92d919ab-8380-3fda-a5f1-838e69b819c1,Velda682 Gutmann970,F,GENERAL PRACTICE,300 TRADECENTER STE 4750,WOBURN,MA,018017420,42.4994143,-71.161659,36,0
97d9dd99-3eb2-3cda-8b7f-afbcf0a46ed3,87472bc2-7c23-37cc-8355-7f3e88614b6b,Dean966 Kris249,M,GENERAL PRACTICE,305 MAPLE STREET,EAST LONGMEADOW,MA,010282765,42.059258494749486,-72.53388585052694,43,0
29703db6-1651-39c2-b73f-8aff3375b98d,0319f6d9-60a3-36ac-9f26-b782d7997b1c,Roger751 Quitzon246,M,GENERAL PRACTICE,22 MILL ST,ARLINGTON,MA,024764738,42.4177455,-71.1579688,34,0
c1f88ff6-9355-3da4-a93d-7f0c28448545,a2cc09de-c1e2-3126-8c09-d49f95225281,Cristi782 Leannon79,F,GENERAL PRACTICE,300 LONGWOOD AVE,WALTHAM,MA,024532741,42.3756401,-71.2358004,1604,0
f2a8141d-20ad-3993-8b6b-e49706c40cb9,175787c9-37d1-308a-9d33-a6ff513ee320,Kendra609 Roob72,F,GENERAL PRACTICE,804 PLEASANT ST,BROCKTON,MA,023013055,42.08723215,-71.05285860302956,1,0
f4736ba1-7834-392a-8122-fddb6ee80e81,9f2f60a6-87a4-3f45-b753-b63b5b7e9993,Maricruz991 Considine820,F,GENERAL PRACTICE,332 HANOVER STREET,BOSTON,MA,021131901,42.3647421,-71.0536619,53,0
1ca290b5-d02b-3b69-b166-15eac890c394,44cb1162-a345-3477-8723-c202a3c8cdcd,Shaquita282 Graham902,F,GENERAL PRACTICE,73 W MAIN ST,HOPKINTON,MA,017481619,42.21799145,-71.54005509979045,50,0
74223b7b-47a9-30bc-8f50-d4affe47628a,c5306a86-09a1-32d9-875a-67ef56e131c0,Earnest658 Gutkowski940,M,GENERAL PRACTICE,242 SUTTON ST,NORTH ANDOVER,MA,018451631,42.70773345,-71.1300651,37,0
3ac8543e-562e-37ba-b3ca-6d47be49f7d6,ab16be57-62ea-39a5-8f7a-ee1285cf6934,Ciara810 Gibson10,F,GENERAL PRACTICE,115 MILL ST,PETERSHAM,MA,013669503,42.4865962,-72.1893057,16,0
31dcf511-018c-37cf-898e-c0ed9f134744,f341c366-8313-3790-ab26-d8d27b116ff5,Augustine565 Greenholt190,M,GENERAL PRACTICE,80 LINCOLN STREET,WALTHAM,MA,024535465,42.39322121170625,-71.24104146434591,32,0
63adb637-9ef2-38a4-a863-5f785e9a9516,1de1aeee-4088-391b-af7a-95d7cfaeaf32,Jerrod232 Denesik803,M,GENERAL PRACTICE,57 PROSPECT ST,NANTUCKET,MA,025542799,41.27514065,-70.10108985970798,11,0
fde60285-dbf3-3f80-9b19-0a336803d795,f312977e-8f41-3816-84cc-e5b12ba36955,Harlan808 Langosh790,M,GENERAL PRACTICE,1153 CENTRE ST,JAMAICA PLAIN,MA,021303446,42.3017598,-71.12855793387442,97,0
d7b57108-c18e-3636-8183-db85b1991522,0519b293-2e92-3eb3-aeef-233da0babc93,Juan88 Friesen796,M,GENERAL PRACTICE,40 PARKHURST ROAD,CHELMSFORD,MA,018241511,42.6198215,-71.36189212971482,3,0
f035c8ec-1611-34f6-ae5e-4ed58c7df805,c5403c4f-14d5-3171-9227-a9b8327f3149,Lonnie913 Ferry570,F,GENERAL PRACTICE,52 OLNEY RD,CHICOPEE,MA,010202103,42.1487691,-72.6071119,106,0
2626300e-5cbd-3fd6-ae59-cc27c7950f0e,a730c5e6-a15f-3e36-8112-8579e507d330,Drew592 Ankunding277,M,GENERAL PRACTICE,28 LORD RD,MARLBOROUGH,MA,017524549,42.34718040987546,-71.57283065352654,28,0
98c7a4ce-a3d7-37ff-9273-ef077ff9c402,82248deb-13cc-31b2-8764-0233e159a93a,Lan153 Kemmer137,F,GENERAL PRACTICE,19 DEPOT STREET,ADAMS,MA,012201856,42.623644600000006,-73.11852130252683,63,0
77b768a5-2fb2-3fa0-b30c-e9ea16d404a6,ce4d0501-49eb-396a-bc56-545fdfc624b0,Mauricio81 Daniel959,M,GENERAL PRACTICE,1 HOSPITAL RD,OAK BLUFFS,MA,025571406,41.46063105,-70.57989080295974,4,0
c1a6f150-dbcb-3063-afcb-cf9bec08f4a0,70e943de-a18b-3e03-a204-ecca2f01b6d1,Liliana922 Wolf938,F,GENERAL PRACTICE,76 NORTH MAIN STREET,WEST BOYLSTON,MA,015831130,42.393642299999996,-71.79207534741954,2,0
e35c9589-8b2b-347e-81ed-930d87c3df2f,e69e7cbb-8362-30d1-83f2-3a0c492fe2b1,Isaac321 Kub800,M,GENERAL PRACTICE,110 LONG POND RD,PLYMOUTH,MA,023602642,41.9255829,-70.65514326847389,33,0
083dd75e-a544-3e3c-85ff-9d0380bd7cbd,afc661fd-71d9-3fc3-adf2-3fc3b5e8a140,Leontine92 Schmeler639,F,GENERAL PRACTICE,680 CENTRE ST,RAYNHAM,MA,02767,41.9487118,-71.0731008,99,0
0334b735-3d1c-3b6e-8f71-26ce23ca8d62,be9a14c1-72a6-3186-b199-fdb070768458,Tanner110 Roob72,M,GENERAL PRACTICE,18 FRANCES ST,WOBURN,MA,018013006,42.488288600000004,-71.15015700746171,1,0
83191f58-3210-387f-981b-2eee5b27d9a1,06cc2462-430f-3322-9c87-7e971125f510,Kai187 Mann644,F,GENERAL PRACTICE,133 OLD ROAD TO 9 ACRE COR,WESTFORD,MA,018863198,42.5792583,-71.4378411,615,0
a8d7ed58-3ad2-36d8-bbd6-82b2532f7982,4077d432-cd35-3bc6-b48a-17a732573899,Leif534 Little434,M,GENERAL PRACTICE,142 CANAL ST,SALEM,MA,019704673,42.508501800000005,-70.89659209044149,24,0
739fb9dd-fd16-3b79-86c5-c77eaaeb5bdc,db106514-f254-3402-b6a4-6d210c78c7e2,Kimbra238 Runolfsdottir785,F,GENERAL PRACTICE,211 FRANKLIN STREET,QUINCY,MA,021697833,42.23691085,-71.00237199954586,11,0
f27eff46-cd54-3c8f-8b48-6bf7f970f2c2,ee7fab6f-6438-394f-b1f2-3e452f8f055a,Domonique463 Satterfield305,F,GENERAL PRACTICE,75 BRIMBAL AVENUE,BEVERLY,MA,019156009,42.570099299999995,-70.87108224250409,95,0
f298ca0b-529e-33e3-a985-d60848cece89,79508e39-d0b0-3613-9d54-168f6e1c3a18,Antonette454 Tromp100,F,GENERAL PRACTICE,200 GROTON ROAD,GROTON,MA,014502056,42.577352149999996,-71.57414587343038,33,0
ad1b06a9-2b77-3a58-b8da-69b5e81dc990,880fad59-9c38-3a21-a39f-ccc801502ab3,Maurice742 Pollich983,M,GENERAL PRACTICE,799 CONCORD AVENUE,CAMBRIDGE,MA,021381048,42.390849395521705,-71.1556550001627,2,0
f71f13d7-4483-3ada-8d71-c504ec89e125,352f2e3b-0708-3eb4-9f7e-e73a685bf379,Gregg522 Willms744,M,GENERAL PRACTICE,157 UNION ST,SOUTHBOROUGH,MA,017721215,42.3056501,-71.5245087,854,0
8fe2760f-c0a0-3930-aa98-5d5d61018aef,4887dc20-9ef6-3cc2-9c56-858388049a50,Kimberlie352 Kertzmann286,F,GENERAL PRACTICE,168 WEST CENTRAL STREET,NATICK,MA,017604122,42.282113100000004,-71.37898579435048,18,0
ec75abe2-4e9f-3666-9c56-f54ff0e24aa1,10ffe7b1-2f94-3f12-9288-679da05a1ec9,Odessa199 Hintz995,F,GENERAL PRACTICE,133 LITTLETON RD,WESTFORD,MA,01886,42.57056335,-71.41736646422413,41,0
35b8d23d-e80a-3296-a45a-4efe8f11374d,4fa643ae-1f58-3c2e-9f33-0ba56345ad10,Sharyl439 Williamson769,F,GENERAL PRACTICE,361 MAIN ST,WAREHAM,MA,025712153,41.761384899999996,-70.71911431737183,141,0
f311a048-3d41-32e6-8f18-e2533bf2f8ce,e98ef46c-e94c-34bc-9cf5-134d8ddcbac5,Jamey282 Olson653,M,GENERAL PRACTICE,10 EMORY ST,ATTLEBORO,MA,027033002,41.9447388,-71.27972821642685,2,0
1c7ca91e-04ea-3bf9-8cc1-ffd6c0a42c0a,fa34d205-5ac2-3ba2-80a4-bef345dc57f5,Shawnna218 Daniel959,F,GENERAL PRACTICE,37 BROADWAY,ARLINGTON,MA,024745552,42.408086,-71.135914,1,0
4e6ba6ce-2f57-3f1d-9a20-1e6099a1522c,fb4a08b8-57ee-382b-b3cb-43d94f1bb4c0,Theo630 Hammes673,F,GENERAL PRACTICE,1010 SOUTH MAIN STREET,FALL RIVER,MA,027242855,41.690775450000004,-71.16515282264554,47,0
1dffff0b-76bb-38f0-b9d3-040a272f893b,2b97893e-dc50-378b-a266-f089b8450329,Magdalena964 Torphy630,F,GENERAL PRACTICE,250 MOUNT VERNON ST,DORCHESTER,MA,021253120,42.3194571,-71.04610844302991,91,0
efa77380-fbc4-3f44-83c5-e48d5ff47329,d0894f6b-78d7-338d-82ad-b63de4d40014,Lynsey2 Lemke654,F,GENERAL PRACTICE,330 MOUNT AUBURN STREET,WALTHAM,MA,02452,42.3756401,-71.2358004,68,0
3b82a19c-534b-3e5e-a665-15b2d27c0049,310d02fb-ba0c-3b5a-9ab3-8d7bb8e7b661,Felica690 Farrell962,F,GENERAL PRACTICE,709 WASHINGTON STREET,CANTON,MA,02021,42.1561851,-71.1452049,33,0
448035e2-3947-3f94-ae11-d10b467ad988,5d1b509e-a048-357f-807e-6b863006e337,Celestina960 Reichert620,F,GENERAL PRACTICE,65 WALNUT ST,WELLESLEY HILLS,MA,024812118,42.3213892,-71.2586343,27,0
6756410b-a83d-3b28-a45c-b7485a58de5b,f43f97f2-af04-3ed0-a42e-3681718cc9b2,Dorcas534 Quigley282,F,GENERAL PRACTICE,725 NORTH ST,PITTSFIELD,MA,012014109,42.4600752,-73.2492795834909,833,0
a2f4ab0c-4f1d-3dec-9a3f-c53a56bc9b60,88975fd9-b47e-3af6-af78-c58e1ecf0d5e,Barry322 Feil794,M,GENERAL PRACTICE,115 W SILVER ST,WESTFIELD,MA,010853628,42.1178811,-72.75935246865802,14,0
7311e6e6-fec2-33b0-954d-f1c85460400e,19439108-9835-38fe-8ee2-1226a355cfba,Luis Miguel102 Guerrero997,M,GENERAL PRACTICE,694 WORCESTER RD,WELLESLEY,MA,024822837,42.2964859,-71.2925571,4,0
6a553893-7590-39dc-8d9d-211f73fb7450,fd938c9f-a355-3ec7-96f8-516240ea1ba2,Sylvester827 Beahan375,M,GENERAL PRACTICE,529 MAIN ST STE 126,PLYMOUTH,MA,023604842,41.7664657,-70.7266525,2,0
6160ffce-ab3c-39dc-a3f0-5bca75766acc,b5789b71-fc8e-3b7e-9eb2-3fc577943117,Elvia127 Miller503,F,GENERAL PRACTICE,81 RESERVOIR DRIVE,ATHOL,MA,013314901,42.581152349999996,-72.18775715069674,9,0
40fd348a-aa39-32b6-b634-5e2ffdc92875,94ac48ba-e215-3ab9-ba88-a0b926d29cef,Barton704 Hahn503,M,GENERAL PRACTICE,300 WINTHROP STREET,MEDFORD,MA,021552311,42.421527,-71.11834,13,0
94eccf4b-3f0a-3d8a-a599-343cf9dc5a7d,0334ad53-5d57-384e-a411-63b075139c06,Stephen891 Stamm704,F,GENERAL PRACTICE,66 CENTRAL STREET,EAST BRIDGEWATER,MA,023331913,42.03160525,-70.9572577506426,4,0
22cd9d17-3025-38fa-a890-93a56f9ea21d,069b90f9-309b-35e4-b990-d1dbacb962cc,Thomas756 Strosin214,M,GENERAL PRACTICE,36 LOWER WESTFIELD ROAD,HOLYOKE,MA,010402749,42.16975305,-72.63488031242107,38,0
2ffad09f-daa4-35ff-ac62-d8245852cd95,2c2e6afc-9578-3ba5-bb12-eed97d3a823b,Ernie189 Schroeder447,M,GENERAL PRACTICE,405 RIVER ST,MATTAPAN,MA,021262210,42.2699017,-71.09061872585616,1,0
04b8a709-7b97-3aae-b660-03fb817f0ef6,f438b8e0-d856-328a-b193-2b014fc4cb97,Tyron580 Reinger292,M,GENERAL PRACTICE,981 VARNUM AVENUE,LOWELL,MA,018541913,42.64591185,-71.36487149058269,21,0
677e56f8-947a-35f1-b582-8c06feed8ed4,a2047ff6-62f2-34d7-beb9-7e164d989c75,Emma804 Larkin917,F,GENERAL PRACTICE,1200 CENTRE STREET,ROSLINDALE,MA,021311011,42.29768,-71.130463,4,0
8f4ad57b-46db-36b4-9889-4522b46028ec,936ceb96-2b12-371f-aa68-ee02a9c06f4c,Alan320 Keeling57,M,GENERAL PRACTICE,225 BOSTON ST,LYNN,MA,019043124,42.470497449999996,-70.96003668151566,136,0
e5151cde-eb85-3cad-8fbd-fce22614d3a8,48a6d3ab-50ef-349e-8945-2558a78f378e,Mercy752 Kuhlman484,F,GENERAL PRACTICE,795 MIDDLE ST,SWANSEA,MA,027774114,41.730919,-71.208117,433,0
38993e51-36c3-3cf7-bdc7-e1a77f86e805,7b7ce654-a413-37d1-9d34-97240c0ac580,Landon622 Kihn564,M,GENERAL PRACTICE,1 WRENTHAM ST,BELLINGHAM,MA,020192532,42.025037350000005,-71.48945118224057,37,0
9b1cc338-2093-3f5d-8b2a-c653264539fe,93bf4a6b-8fb3-3a1e-9be6-4958736f2bfb,Dee580 Trantow673,F,GENERAL PRACTICE,1102 WASHINGTON ST,BRAINTREE,MA,021845438,42.19876545530798,-71.00672788298964,1,0
d9368fd2-81de-37a7-989d-66a4764ba1e4,95b01a7c-e16a-37d4-b354-c404baa00203,Olivia294 Canales95,F,GENERAL PRACTICE,290 SOUTH STREET,PITTSFIELD,MA,012016824,42.440485002637104,-73.25677853480586,1,0
e8987985-81fb-3c9b-bb30-28ea953626a8,7b20d1c4-c56b-3647-801c-5e4e13679073,Mozell819 Prohaska837,F,GENERAL PRACTICE,275 SANDWICH ST,PLYMOUTH,MA,023602183,41.94186605,-70.6455366462985,119,0
efe07f82-72ef-3433-b559-022b0d639c2a,3e97ce4f-3ad7-3cea-883f-e2bb4ca89d83,Fidel864 Swift555,M,GENERAL PRACTICE,30 NEW CROSSING RD,READING,MA,018673270,42.51809619399502,-71.0959083715027,119,0
cfed3954-11b8-3fcd-a78e-3f3da2241e66,c60fc3df-9dbd-3f31-a456-41c84490266f,Lavonna163 Johnson679,F,GENERAL PRACTICE,146 MAC ARTHUR BOULEVARD,BOURNE,MA,025323902,41.7412166,-70.5989196,34,0
16363284-1f57-3ca9-a9d4-86f27e59623a,46daa26f-fda5-38a9-9c45-fda430d28fa6,Trenton748 Bernier607,M,GENERAL PRACTICE,25 RAILROAD SQUARE  SUITE 501,HAVERHILL,MA,018325721,42.7736752,-71.08561759491305,1,0
ddaa0a80-1cc5-307d-baab-b766a0e0f999,c0132cf6-1703-3aad-89b4-cc2f2bbc123e,Lovie151 Schoen8,F,GENERAL PRACTICE,66 NEWTON STREET,WALTHAM,MA,024536058,42.3746705,-71.22789736306842,6,0
3e0797b3-e008-3740-a018-2023ae5a807e,d5920b72-ac1a-3ec4-81ca-e3b75cb7aadd,Donovan745 Daugherty69,M,GENERAL PRACTICE,251 Causeway St.,Boston,MA,02114,42.3665,-71.05931,317,0
5ca3c8b4-2ec5-3ffb-b1e6-dc20d495952c,71d9e7fe-5a34-3f11-8edb-f79c482785fe,Phillip440 Kunze215,M,GENERAL PRACTICE,42 CAPE RD,MILFORD,MA,017573292,42.1274477,-71.5195252,45,0
9f060930-e6fc-3adb-8e50-537e94fe5460,4f59f709-8b84-3d27-a04b-c6b7b5544413,Natividad796 Davis923,F,GENERAL PRACTICE,70 BOLTWOOD WALK,AMHERST,MA,010022271,42.3768779,-72.51840280783739,120,0
1268ad95-4d10-3b37-ab87-8c988fba680f,c4e5b33c-17b8-3f51-a8ba-a327d54e642a,Alton320 Dibbert990,M,GENERAL PRACTICE,94 N ELM ST,WESTFIELD,MA,010852917,42.1322823,-72.7436679,84,0
45163adc-3521-3791-9751-e9d1c65038f6,36d328a2-68bb-3967-a9bf-00897a7c945f,Lynn917 Rodriguez71,M,GENERAL PRACTICE,299 WAREHAM STREET,MIDDLEBORO,MA,023462905,41.869676,-70.873384,5,0
627e8c90-eccb-3b0a-9f48-091b477cc57c,6d6ef57e-b2ce-3a69-bacf-4305c51834b0,Frankie174 Skiles927,M,GENERAL PRACTICE,186 HIGHLAND AVE,SOMERVILLE,MA,021431507,42.38845955,-71.10666839512322,1,0
dcaa158b-8d92-3c9e-9172-7abbd2f303cf,0f2c58ec-5323-3c0f-9bdf-af0df7eb2a2b,Mana631 Boehm581,F,GENERAL PRACTICE,130 DORCHESTER STREET,SOUTH BOSTON,MA,021272642,42.3334312,-71.0494949,39,0
ff99cbc0-fb2a-345d-92e9-f9ce72987892,cc400ddc-c38d-3604-8d89-cea21555719f,Fritz267 Kirlin939,M,GENERAL PRACTICE,87 CHESTNUT ST,NATICK,MA,017603644,42.293559188306446,-71.35158050924959,130,0
033c3a9f-c470-3d1e-a246-03593e00b00a,51370692-6296-3150-8672-559fc73f964f,Almeda560 Okuneva707,F,GENERAL PRACTICE,75 FRANCIS ST,WEST BRIDGEWATER,MA,023791542,42.0219112,-71.019004,93,0
808ff8c3-ab5f-3612-9ce2-6c94ba5931df,06376cbe-4880-384b-b459-7ce3eef36ced,Lynwood354 Ratke343,M,GENERAL PRACTICE,387 QUARRY ST,FALL RIVER,MA,027231026,41.6932713,-71.1402431739568,32,0
3621b81a-ab25-3923-bb22-cf9ae64f01f6,b3312a2d-37e9-35a8-b50d-6c165c437baa,Lorretta561 Reinger292,F,GENERAL PRACTICE,45 DIMOCK ST,ROXBURY,MA,021191029,42.32030665,-71.09721114916246,7,0
11a6d4ac-2ee6-32c8-9701-cda870c7a16d,2836d9ac-c6a6-39d1-8f13-fdf0fc8928f4,Alysha630 Koch169,F,GENERAL PRACTICE,365 EAST ST,TEWKSBURY,MA,018761950,42.6069472,-71.2180803,61,0
9ef579f9-d591-3d51-9d9a-42d1b0eddbd2,7dddc0c2-9f1d-3e4e-b2f2-fc7e6abbed31,Genevie117 Gibson10,F,GENERAL PRACTICE,160 MERRIMACK STREET  SUITE 1,METHUEN,MA,018446117,42.7334079,-71.13599310716302,2,0
0ffba3b6-9287-3d35-9cd6-88ca70fbe7d9,b1cbaecc-a62b-3f8f-8791-e090f947a41c,Jude172 Bergstrom287,M,GENERAL PRACTICE,150 BERKELEY STREET,LAWRENCE,MA,018411224,42.72074925,-71.16392537985021,5,0
4998f663-fc6b-3700-837f-417236f21cc8,15e26ce3-9006-3ce2-9327-493180a15ec1,Marlin805 Breitenberg711,M,GENERAL PRACTICE,6 GROVE ST,NORWELL,MA,020611534,42.172231693916025,-70.87836493029226,55,0
357f369d-d327-3409-950e-6ae05ec34113,b5e6f1bd-c744-3556-9775-5ff8399eea33,Jorge Luis88 Lozano749,M,GENERAL PRACTICE,2284 MAIN ST,CONCORD,MA,017423829,42.44300895,-71.42458458423982,230,0
c5540ed1-667f-3f7a-9289-eabe9dffb910,7c625dc4-2593-31eb-95fd-6a912832b8bb,Imogene688 Braun514,F,GENERAL PRACTICE,980 WASHINGTON STREET  SUITE 124,DEDHAM,MA,020266704,42.228918,-71.18501264023513,6,0
082febb8-4847-3a9c-bd1c-dd019a96f2d9,f22bc2ac-f8bd-3f9f-9a40-93db37639d3f,Kirk871 Erdman779,M,GENERAL PRACTICE,735 ATTUCKS LN,HYANNIS,MA,026011867,41.6747631,-70.29768515601289,72,0
b02276b7-e1ae-3af2-be45-5dbbaaeaedf7,04b252db-4231-3cb5-963d-6f096fb4b97c,Lorie307 Grady603,F,GENERAL PRACTICE,1177 PROVIDENCE HIGHWAY,NORWOOD,MA,020625019,42.194543,-71.1994976,16,0
5339af2e-e2dd-3935-9731-d3e7b44bdc1a,e2eab39c-5195-34aa-b35f-e89e37cfed01,Miguel815 Roberts511,M,GENERAL PRACTICE,55 FOGG ROAD,WEYMOUTH,MA,021893141,42.175539799999996,-70.9539153674405,201,0
1f747a10-6413-38a0-b8f4-cb784ea48035,b411fd60-9bd5-30f1-99b4-c24a409964a1,Hilario934 Schumm995,M,GENERAL PRACTICE,42 ASBURY ST,SOUTH HAMILTON,MA,019821808,42.61322825,-70.87300675048934,57,0
339985d1-0f7d-3ac5-94ce-485ae600e7e0,1de7e7d9-9a7a-3a3f-bf4c-b4de450711f2,Clelia416 Morissette863,F,GENERAL PRACTICE,198 LITTLETON RD,WESTFORD,MA,018863429,42.564282,-71.42620615382347,39,0
b510cf89-077b-30a1-a41e-3b03d69044c3,4705a8fd-19cd-32c1-8b3e-34bcfe84d0bd,Jimmie93 Mayert710,M,GENERAL PRACTICE,55 N WASHINGTON ST,NORTH ATTLEBORO,MA,027601607,41.983529,-71.332241,74,0
ffd1a859-9c8e-32a2-affb-62eecc424ce9,7345a4c0-52c6-3da2-8aef-fccb8ad3e8c4,Nathan164 Padberg411,M,GENERAL PRACTICE,114 TURNPIKE RD STE 206,WESTBOROUGH,MA,015812800,42.28414835,-71.60433295499837,3,0
d1458c86-41b3-32d5-a6c9-0e8913f9fd41,f5ccbb53-e4a0-32e5-a693-02150497a8f4,Astrid395 Huels583,F,GENERAL PRACTICE,100 HIGHLAND ST,MILTON,MA,021863881,42.250705749999995,-71.07724199194602,50,0
c06e76b2-ab8f-3882-a031-facff7879e72,497f39dd-280e-3d58-af5b-c5e3a3a09b10,Randy380 Bergstrom287,F,GENERAL PRACTICE,27 PARK ST,HYANNIS,MA,026015230,41.65363635,-70.27352219234834,495,0
a4730fa4-0808-3901-a4fc-2427a770c133,f2a6c4f7-f5b2-361a-95c4-3d635b352a46,Marshall526 Lynch190,M,GENERAL PRACTICE,546 SOUTH STREET EAST,RAYNHAM,MA,027671079,41.8984957,-71.03751432894776,6,0
cf4ee9b0-4f4c-345d-a84c-8db74cb8d518,eaaf102d-0188-3a69-a751-030645e2a7b0,Errol226 Kiehn525,M,GENERAL PRACTICE,605 MAIN STREET,WAREHAM,MA,025711031,41.76766153042966,-70.73096212925822,32,0
1094c915-6bdd-317e-bc6e-bdfd39a136ca,5608c6ae-1f1d-368e-8172-aea4d9d2aefd,Karin721 Sporer811,F,GENERAL PRACTICE,12 KENT WAY STE 210,BYFIELD,MA,019221221,42.75468625,-70.9451078257969,1,0
62dc56a4-ea8b-3b83-b90c-8401fe0b9a8c,0d7fd824-1c7b-3f8b-a662-f6c2005e82e1,Anita473 Llamas954,F,GENERAL PRACTICE,88 MASONIC HOME ROAD,CHARLTON,MA,015071394,42.1389039,-71.9782681,20,0
52d500fd-4ff0-3a94-b86e-f3432dac8284,accb8cdd-6560-3fef-b0a6-f12c3295026a,Kerrie266 Bergstrom287,F,GENERAL PRACTICE,969 PARK STREET,ATTLEBORO,MA,027035115,41.9266899,-71.2611303145582,2,0
f8ea9067-2c42-3280-aaed-a1ccd91dbef7,7445ae34-b648-3d3a-b8cf-0eb630061b6e,Pearline482 Pagac496,F,GENERAL PRACTICE,34 CEDAR ST STE 4,WEST ROXBURY,MA,021324338,42.2792649,-71.1494972,3,0
bef2b1cf-0158-3969-9fa3-e6ef642a2e85,1ab2b5f9-cb95-3236-beec-9b9d4a407c61,Latoria810 Eichmann909,F,GENERAL PRACTICE,725 NORTH ST,PITTSFIELD,MA,012014109,42.4600752,-73.2492795834909,459,0
a6366272-638f-3736-b68c-dedc88930864,1bed5229-19d7-3168-94a2-f1f2abb00270,Nilsa143 Moore224,F,GENERAL PRACTICE,88 WASHINGTON ST,TAUNTON,MA,027802465,41.9062805,-71.09518121351795,50,0
ea35542a-1ee1-3b69-a882-322464d9e2e0,41e2a44c-477c-3511-96f9-12c476aa3b6a,Latoyia537 Lindgren255,F,GENERAL PRACTICE,85 E NEWTON ST,BOSTON,MA,021183553,42.336277100000004,-71.07085295687423,398,0
771cc061-9281-3688-b2a2-b2c239fdbcbc,f00601d0-d49e-30ed-bc3e-314379f2103e,Mitsue965 White193,F,GENERAL PRACTICE,490 MAIN ST,MELROSE,MA,021763841,42.4550741,-71.0654799,45,0
9a61926e-3225-3001-bd06-ef2ea4c969fd,5b0cd0a0-f277-3a66-bee6-d64b5be4a3f5,Waldo53 Hintz995,M,GENERAL PRACTICE,725 NORTH ST,PITTSFIELD,MA,012015493,42.4600752,-73.2492795834909,147,0
a8243499-fe80-3861-92a9-b1b4e574e32e,79a06fd6-9f2b-35e3-9b11-0bc5ff89e17c,Waylon572 Kovacek682,M,GENERAL PRACTICE,225 Boston Road  Suite 107,Lynn,MA,01904,42.470093,-70.95994,20,0
7666cc0b-c235-3b0a-acbd-fcbb823cb307,b44955d1-f0e2-3beb-a013-708a81dbe430,Ernest565 Runte676,M,GENERAL PRACTICE,680 CENTRE ST,WEST BRIDGEWATER,MA,023791600,42.0219112,-71.019004,62,0
813b36b8-b05e-347c-970a-6779c97d007e,c1986c0c-f756-3596-8f90-08adacf220fe,Dong972 Auer97,M,GENERAL PRACTICE,73 CHESTNUT STREET,SAUGUS,MA,019061605,42.4573919,-70.9918055,11,0
65f3310f-cbed-3b08-8984-84493ec74102,ad2dab07-4f85-3950-baaa-7c7cd2aa770c,Elvira561 Ureña88,F,GENERAL PRACTICE,55 LAKE AVENUE NORTH,WORCESTER,MA,016550002,42.2774799,-71.76166994969458,10,0
6cb130ce-80f0-37a5-aa50-2cb1dac05c78,67d2f85b-ddc7-3ed0-b90b-6fa5b7b8358a,Norah104 Jenkins714,F,GENERAL PRACTICE,43 FOUNDRY AVE,WALTHAM,MA,024538313,42.37050535,-71.21908334877376,96,0
98e3eae8-c339-3804-b4fc-c4f0efda6dbf,ce89d7ed-54eb-3eae-881a-15df8e631c47,Silvia880 Howe413,F,GENERAL PRACTICE,36 WILLIAM STREET,LEOMINSTER,MA,014533276,42.5267443,-71.7614891,1,0
9e95253c-ae47-36ae-9d8f-1028bf8d373f,0d9b0d22-585e-3fd8-ab02-26b5be7915d1,Daniela614 Balderas66,F,GENERAL PRACTICE,516 CAREW ST,SPRINGFIELD,MA,011042330,42.12133575,-72.59217953646302,21,0
c1f604a3-ec1b-364f-905b-be10040207be,e4dbbb2f-5a51-341d-b5a5-dd91b968b217,Errol226 Gaylord332,M,GENERAL PRACTICE,329 WASHINGTON ST,NORWELL,MA,020611737,42.16319935,-70.86354427737673,2,0
5c4a8ab3-9f45-3d14-8c01-19a4a79fa009,1853aeef-5897-326a-80d6-aa4b0459eb6d,Kendra609 Kassulke119,F,GENERAL PRACTICE,381 WICKENDEN ST,ATTLEBORO,MA,027032247,41.9438129,-71.2806515,3,0
9d7c2440-7f61-31d0-ae14-6e0ebd92b00a,94dda4e1-7476-367a-b1f8-37ea7f61a1b7,Dylan44 Robel940,M,GENERAL PRACTICE,145 WARD HILL AVENUE,WESTBOROUGH,MA,015811017,42.2694308,-71.6129907,41,0
c2ab6ad9-b407-3fe8-bb22-4dce82a0d6ea,22fa6d28-92b6-3446-a388-f5aba50debaf,Lenard338 Robel940,M,GENERAL PRACTICE,123 CAPTAIN'S ROW,CHELSEA,MA,021504019,42.3917638,-71.0328284,13,0
5d7fc080-e1f2-3227-ae41-46568c647ede,8a87ef73-eaa2-340a-bec5-c3cef01ef836,Kristle148 Rodriguez71,F,GENERAL PRACTICE,3 PARK DR,WESTFORD,MA,018863511,42.556814700000004,-71.43463308318695,1,0
fe84fb2b-5e4b-361e-a685-b6c6b81846b3,2ca615f3-87f7-3283-a447-d919a883b676,Isaias604 Dickinson688,M,GENERAL PRACTICE,1399 WASHINGTON ST,HANOVER,MA,023391653,42.1441354,-70.8440854,3,0
c97713a9-847d-3a43-bc15-2042ed46cdbe,c0a33465-d309-3d2a-932e-9d554a7cc19c,Nathanael908 Rogahn59,M,GENERAL PRACTICE,100 CENTURY DR,WORCESTER,MA,016061244,42.3138278,-71.7707002,12,0
19751405-114f-39f8-a8a0-2a0fddf53cb8,0583e4f7-f1c2-3100-8e0c-d0decc7ef261,Clemente531 Vigil207,M,GENERAL PRACTICE,123 WATERHOUSE ROAD,BOURNE,MA,025323890,41.72840155,-70.58506829999999,73,0
13cf05a2-b90e-3a23-a816-c1fc9ca74ea3,7f32dd7d-5c35-3ddb-839b-8fbbb930d412,Luna60 Littel644,F,GENERAL PRACTICE,863 CENTRAL STREET,FRAMINGHAM,MA,017014813,42.30758060362541,-71.42846215724606,31,0
a9dad373-d112-3a7e-b381-c17624158f80,0a689d33-2b0d-3942-8de8-e28812e91c69,Clora637 Pagac496,F,GENERAL PRACTICE,47 SEAVERNS AVE # 5,BROOKLINE,MA,024463806,42.3317642,-71.1211635,28,0
257daee6-0e5a-34e1-b6e4-73689a570934,bb867d36-0c8d-33b4-b19c-a8c026655b6c,Lahoma872 Macejkovic424,F,GENERAL PRACTICE,200 KENDALL ST,SPRINGFIELD,MA,011042532,42.12161175,-72.57784860231564,4,0
dcf3ca24-173f-36e1-b7e9-b63485b16636,1b3fe590-8793-3f08-865d-01fc425a84d4,Mathilde204 Wintheiser220,F,GENERAL PRACTICE,1340 BOYLSTON ST,BOSTON,MA,022154302,42.34392675,-71.09888049065322,59,0
10c1c39a-f963-383d-9073-cfeccf757b20,3f12ebb4-e03c-3453-88d2-4fc9682383df,Erwin847 Stiedemann542,M,GENERAL PRACTICE,726 COUNTY ST,NORTH DARTMOUTH,MA,027473603,41.6389926,-70.9703171,117,0
6bee8e0c-206d-342e-9e2b-4744e007bec3,477c3c1a-ba1a-3102-8a91-56624ba236e4,Denver542 Davis923,M,GENERAL PRACTICE,642 BOSTON POST RD,SUDBURY,MA,017763302,42.36142375,-71.44123077142632,2,0
e4992da9-7550-385c-a34b-7c4c76a4d8e8,ea468462-3080-302e-b405-9127a396c310,Edison640 Rowe323,M,GENERAL PRACTICE,600 CUMMINGS CTR STE 270X,WOBURN,MA,018013200,42.4792618,-71.1522766,1,0
f75d1bd1-8e7c-3f78-987e-502ee745f5c0,8af3b144-0e1a-3c90-937d-81a4ed026080,Latasha666 Fay398,F,GENERAL PRACTICE,800 WASHINGTON STREET,NORWOOD,MA,020623489,42.1886973,-71.2005241,58,0
fdc1b1b6-fe27-3d1c-a48c-8133ab44c545,9fdce5d5-d4d0-3156-a8d5-8757bfe4e9b3,Pamelia915 Kilback373,F,GENERAL PRACTICE,1 FARMER CIR,ARLINGTON,MA,024742866,42.42405225,-71.16792616556859,61,0
adc13491-6060-3640-8dc5-e6a84ebad12f,b3b56527-d366-3353-bca9-266a12f23051,Gil594 Schroeder447,M,GENERAL PRACTICE,60 QUAKER HIGHWAY,UXBRIDGE,MA,015691628,42.06100105,-71.62352848737622,5,0
2bca22dc-39fa-389c-96eb-c0889f17607b,125eccb3-d003-34ea-9bd8-360dff059782,Rolande819 Gerlach374,F,GENERAL PRACTICE,125 PARKER HILL AVENUE,DEDHAM,MA,020266146,42.2489143,-71.1755732,33,0
602eeaea-82bf-3073-8bda-517cd2b7446b,fc90e623-9edb-30a7-9040-29968f8ebaa8,Arnold338 Stiedemann542,M,GENERAL PRACTICE,271 CAREW ST,SPRINGFIELD,MA,011042377,42.11597825,-72.59301656598424,30,0
e395a05f-067c-3ef8-8b28-94a1bdb20ce6,b242f971-3c74-3778-b148-81366c1e6a3f,Jaquelyn689 Bernier607,F,GENERAL PRACTICE,10 CAREMATRIX DR,DEDHAM,MA,020266149,42.2270762,-71.17237295563174,65,0
08fb2eca-ce60-3621-87c7-13041f04434e,e8d0fea4-45cb-32d3-8798-0fe6156c4409,Andrea7 Howell947,M,GENERAL PRACTICE,265 ESSEX STREET,BEVERLY,MA,019151958,42.56513015,-70.86168781456092,4,0
40ecb1ec-1200-3fe0-a358-b401f4408afe,e92dad8b-f485-315a-8fc4-1d7adfdc9c00,Laurena366 Anderson154,F,GENERAL PRACTICE,581 FAUNCE CORNER RD,DARTMOUTH,MA,027471242,41.676111381167445,-70.98788528176077,46,0
a543866c-07c1-33f1-9253-057ae6eab177,51e96f40-2058-378a-b3bd-d83c50d5cbcb,Palmer257 Jones311,M,GENERAL PRACTICE,200 NICKERSON RD STE 110,PLYMOUTH,MA,023602480,41.75001,-70.632075,41,0
f11c676f-c8fd-3b02-a12b-7c87d5b06d96,a1a024f0-95e2-3db4-a771-e2f17c5da162,Arturo47 Schmidt332,M,GENERAL PRACTICE,18 NEWTON ST,BROCKTON,MA,023015115,42.0785392,-71.02602473630952,33,0
db5d13a6-2544-3a72-a8d4-e89ed49c7664,aad05540-c9cb-3805-b3c4-f9b9d9b42b2e,Arla414 Fritsch593,F,GENERAL PRACTICE,821 E MAIN ST STE 3,CHICOPEE,MA,010206306,42.155774795300516,-72.55672263289513,25,0
1aeb9234-b0ed-341b-8694-19d745be6b0d,1aa9084e-2b86-3d6e-93ab-dbe6d4dda601,Casey401 Schultz619,M,GENERAL PRACTICE,100 OLD BILLERICA RD,BEDFORD,MA,017301267,42.499905749999996,-71.25668964877971,1,0
16d793d4-05c7-3c00-915c-14510878760e,2987ddf5-7ff2-3e4a-9e25-d654a10313fd,Josefina523 O'Connell601,F,GENERAL PRACTICE,519 MAIN STREET,MEDFIELD,MA,020522522,42.186209649999995,-71.30745495273302,10,0
46b893bb-6051-30ef-bb85-a94b5caff5c1,eea92149-820f-301f-911e-b170e8312842,Tracey100 Hamill307,M,GENERAL PRACTICE,123 SUMMER STREET,WORCESTER,MA,016102177,42.26496835,-71.79655403681465,3,0
802922dd-e501-3f2a-b7d4-1461dcc51b43,19a3afba-b409-3650-a0ab-f3faf6e391ef,Haywood675 Strosin214,M,GENERAL PRACTICE,199 REEDSDALE RD,WALTHAM,MA,024511433,42.3756401,-71.2358004,146,0
f31975e3-87c0-3d11-a8d9-1210f671641f,0e9d0119-1157-35a0-8bb5-7e0aa3041928,Gino587 Trantow673,M,GENERAL PRACTICE,1049 MAIN STREET,SPRINGFIELD,MA,011032114,42.09977055,-72.58470990760483,64,0
f5820fa9-2d67-343f-ab7c-ae23f8ff06d0,5de0661c-5943-365b-93c7-8ab84e1df09c,Randa356 Carter549,F,GENERAL PRACTICE,28 LINWOOD RD,LYNN,MA,019051638,42.4703546,-70.964796190519,1,0
12154481-28c0-346b-883f-65a816d779d7,76b7dbb5-0a02-32a4-9a01-3511f7e45016,Emerita401 Satterfield305,F,GENERAL PRACTICE,59 COUNTRY WAY,SCITUATE,MA,020663746,42.1806871,-70.74862935148246,4,0
b653f4de-ea20-3467-a7c6-89f104dbf0ba,c9aabcbd-d4e0-391f-8980-d0be6934ea82,Lindsay928 Leffler128,M,GENERAL PRACTICE,340 PLEASANT ST,BROCKTON,MA,023013236,42.08764334999999,-71.03287346676532,104,0
129a25f2-cee5-3ab4-b6d2-cd3c5ef6d6f3,d9b71ccf-6649-3555-9e99-44eac0af257f,Javier97 Collier206,M,GENERAL PRACTICE,655 DEDHAM ST,WRENTHAM,MA,020931135,42.084901,-71.30689224201797,16,0
4b97dc0e-85cd-34fa-8ce5-352ee3ba09d0,7348f15f-ec3d-3aef-821a-8de550c90f26,Rosalie939 Pfannerstill264,F,GENERAL PRACTICE,292 WASHINGTON ST,GLOUCESTER,MA,019304832,42.6249323,-70.6824382785235,2,0
b9b563de-08a4-3c51-9dfa-50588812be7b,81991e0d-8034-36c8-be5c-624b44cb67de,Jamie386 Predovic534,M,GENERAL PRACTICE,76 NORTH ST,MIDDLEBORO,MA,023461619,41.9014651,-70.91375666607357,1,0
f44e72bd-9bfb-315b-8b6c-9ab1a5dbe50f,1cec4304-9757-3a10-ad4f-7e2090c56131,Theo630 Rohan584,M,GENERAL PRACTICE,55 LAKE AVE N,WORCESTER,MA,016550002,42.2774799,-71.76166994969458,49,0
a9795008-4239-3a8c-9710-a199b88f10ef,5862e05c-9533-3f7a-8f73-215d50f5ee2f,Estell607 Barton704,F,GENERAL PRACTICE,1200 CENTRE ST,ROSLINDALE,MA,021311000,42.29768,-71.130463,1,0
d69e003d-1fe4-33d5-8564-cedaee1f1381,ad482681-b4c4-3fce-ac59-78c83d31b0ba,Jeanie708 Turner526,F,GENERAL PRACTICE,130 CHESTNUT ST,FRANKLIN,MA,020383903,42.08345955,-71.38413379825735,1,0
5d816f11-9556-3dd3-823a-c43cbab046b6,471f7ca2-38f8-3080-8109-187c73ec0b1f,Reginia455 Johnson679,F,GENERAL PRACTICE,27 CONGRESS ST,SALEM,MA,019707308,42.518722068313224,-70.88940635956651,112,0
3fc71154-0e1e-3416-b4ab-9186140c897f,a5577e5c-b886-37a0-8eee-8ff6feb7ea6b,Synthia172 Keebler762,F,GENERAL PRACTICE,330 MOUNT AUBURN ST,CAMBRIDGE,MA,021385502,42.3741033,-71.13417575971958,182,0
4c789c1c-2d46-343b-9142-d8870ebd6e9d,5581e43d-0463-3a0b-afc7-a60aea5ac96c,Benita195 VonRueden376,F,GENERAL PRACTICE,57 RIVER RD,ANDOVER,MA,018101144,42.69112645,-71.19636086287642,41,0
4475bd8a-b4a4-3e2f-bb30-49b4fb189c67,7dcab1ad-0e13-3700-9eb0-70767c5e2b55,Dana512 Wilkinson796,F,GENERAL PRACTICE,1515 ALLEN ST,SPRINGFIELD,MA,011181803,42.095299499999996,-72.50943136142334,15,0
8686f86d-1199-303f-a382-e4dc0220320f,ce9c1582-994d-32bf-835c-474a249d2804,Clifton91 Veum823,M,GENERAL PRACTICE,275 MARTINE STREET  SUITE 104,FALL RIVER,MA,027231500,41.68393816525316,-71.1220830626733,11,0
a77e0559-1d56-38f5-942f-478a8adf382f,9485907a-9f9c-3c19-a424-b402ee8f99c2,Sara501 Estrada938,F,GENERAL PRACTICE,101 PLANTATION STREET,WORCESTER,MA,016043025,42.258026400000006,-71.78384882397785,4,0
ac10d501-d02f-3523-ae7b-9d67bfeb1095,6ea4d3d6-d820-387a-a3d1-ed5944ad47a2,Nicolasa738 Larkin917,F,GENERAL PRACTICE,232 PLEASANT ST,METHUEN,MA,018447152,42.7397562,-71.17113575205717,64,0
2e9bfe02-6696-3ef1-9072-775263104e76,e7722de2-0e62-3dc9-a163-a7003956673b,Weldon459 Lockman863,M,GENERAL PRACTICE,1 EDGEWATER DRIVE  SUITE 103,NORWOOD,MA,020624669,42.16153305,-71.20162617190071,5,0
6185882e-c392-38d9-88d0-503e59be1d10,9b8a7a25-b923-3710-9f3c-d42919a3f54f,Kayce253 Ondricka197,F,GENERAL PRACTICE,146 MAIN ST,MAYNARD,MA,017542651,42.4309786,-71.4552968,91,0
1693ddbb-622e-3cd2-8757-750acd423146,62b55e5b-b58f-354d-8f2d-f2a330bc619e,Brandon214 Gerlach374,M,GENERAL PRACTICE,201 HIGHLAND ST,CLINTON,MA,015101037,42.42738865,-71.69329092351188,14,0
71e8f288-b95a-37ae-8676-cca102814b81,966245ce-e84d-36b0-a838-2e0b5bb2e668,Refugio197 Crooks415,M,GENERAL PRACTICE,1425 BLUE HILL AVENUE,MATTAPAN,MA,021262122,42.2754929,-71.09384131587021,53,0
34cdfe74-2b6e-3721-8af9-bc049fa498cd,b9a91cbd-3263-31d9-9cff-55873cf8b2e2,Bart73 Becker968,M,GENERAL PRACTICE,25 Bond Street,Springfield,MA,01104,42.110065,-72.60007,91,0
30ef2723-dff2-3780-9e22-f2c4f8609274,b574fc4f-313c-38a4-9baf-7e12e431a499,Georgeanna785 Schulist381,F,GENERAL PRACTICE,511 W GROVE ST,MIDDLEBORO,MA,023461479,41.90036455,-70.9535889372234,39,0
efdd3ed2-a985-3a89-b75e-cbb40723245f,9dbd44ba-59b2-3d1d-ac91-3880af8081d2,Rob341 Larson43,M,GENERAL PRACTICE,529 MAIN ST STE B,ACTON,MA,017203965,42.4878132338563,-71.43046999422496,45,0
409198e7-0f40-3354-a520-86b039e0fe19,35eba9db-902f-32e6-b302-0e5ef8fa5c68,Laverne101 Schumm995,F,GENERAL PRACTICE,66 BROAD ST,WESTFIELD,MA,010852927,42.1165587,-72.74727440058362,1,0
a1f2e8f4-b344-300c-9bbb-f91a3e17f219,845fbd9b-2d1c-39a8-8261-28ae40e4fab2,Bennett146 Rippin620,M,GENERAL PRACTICE,14 PROSPECT STREET,UPTON,MA,015681431,42.1700209025178,-71.59409308099494,174,0
cfb3f8f1-279e-3d0d-b1df-95f23e484476,946ec45f-5c4a-361f-b158-927144864133,Glynda607 Harvey63,F,GENERAL PRACTICE,19 MIDSTATE DRIVE  SUITE 130,AUBURN,MA,015011856,42.1894693,-71.85604765,11,0
65237d42-f2c9-3d35-a11d-573d7aa39167,bac9dc0c-cb0f-3fa6-aa12-819dd0fb922a,Floy720 Greenfelder433,F,GENERAL PRACTICE,1493 CAMBRIDGE ST,SOMERVILLE,MA,021452935,42.3875968,-71.0994968,1,0
b3e4ecd5-6c92-3b02-867c-2b799254d1f0,84d5768f-3a21-3da9-aad2-bbf7a3ae2700,Elba502 Schneider199,F,GENERAL PRACTICE,817 MERRIMACK ST,LOWELL,MA,018543548,42.650296999999995,-71.32263756223612,12,0
eb241632-bc08-3cad-befb-3ce2e5c3ad5b,9ce6072b-d039-3cde-8eaf-950211b8ae88,Terrie907 Ratke343,F,GENERAL PRACTICE,147 S MAIN ST,MIDDLETON,MA,019492446,42.585787222720036,-71.00861442427218,8,0
ca2969f7-0552-37da-be83-a92978c08d09,2576629d-4a1a-3a63-8c08-779cbd8ef98b,Naoma512 Bashirian201,F,GENERAL PRACTICE,204 MAIN ST,ORLEANS,MA,026533428,41.78516795,-69.96772048551409,51,0
68d26d1b-0b19-3af0-9e5f-8990c6f31f25,af8566eb-8918-3ec7-ba44-92b6a2cf8097,Madelaine318 Walker122,F,GENERAL PRACTICE,81 HIGHLAND AVE,SALEM,MA,019702714,42.5112107,-70.90516241826194,1854,0
684afcf7-ea7e-387c-8794-5aa4bccda8d7,d4a03501-69f6-3a89-ac27-ed25976fdb6f,Mercedes82 Escobedo608,F,GENERAL PRACTICE,25 WOODLAND ROAD,STONEHAM,MA,021801705,42.450448800000004,-71.09076944938434,7,0
40ea4017-dda9-3d8e-a232-92b9b9ac62c5,d1d4d104-68cb-356b-9086-888de7d2826f,Ellyn26 Windler79,F,GENERAL PRACTICE,61 Lincoln Street  Suite 112,Framingham,MA,01702,42.28348,-71.41845,89,0
c9de696d-ee88-339a-979e-901a9b956c52,eb2596c3-8814-3add-8516-474214bf5c62,Jaqueline846 Lemke654,F,GENERAL PRACTICE,250 W UNION ST,ASHLAND,MA,017211420,42.24214015,-71.48110671819278,2,0
d587cbf8-1fc3-3034-a4d1-d23bb996ce7c,c762a0ef-bfba-3261-b90c-4059f7bcc87d,Alona471 Cormier289,F,GENERAL PRACTICE,160 MAIN STREET,WALPOLE,MA,020814037,42.168752850000004,-71.23027591232932,1,0
e5c5371b-f5d7-3c54-9e95-582a7a52f077,42c13743-f36f-370a-a5ca-3e3c9795e02d,Tiffani287 Toy286,F,GENERAL PRACTICE,17 CHIPMAN WAY,KINGSTON,MA,023641039,42.0115267956362,-70.78988939618995,1,0
accfde40-b1a1-3633-8110-d663d00a6cf3,058176fd-cbb0-328b-8411-c19f5045032d,Dion244 Sanford861,M,GENERAL PRACTICE,840 EMERSON GARDENS ROAD,LEXINGTON,MA,02420,42.43761961817366,-71.19888753880475,16,0
fdf699da-b5b8-3561-9e38-45e4ca2106f6,a036cdf2-bbc5-3ffd-987f-56e437fd8b74,Lashanda692 Gutmann970,F,GENERAL PRACTICE,265 N MAIN ST,SOUTH YARMOUTH,MA,026642083,41.680980000000005,-70.18292625685085,13,0
4f79fa09-152a-3402-b513-3fe68fc5bc44,4f5e8f16-a31b-3071-8556-d7188ede313d,Barrett790 Wolf938,M,GENERAL PRACTICE,575 BEECH ST,HOLYOKE,MA,010402223,42.20105435,-72.628169560868,216,0
4e93108d-c428-397c-a9d5-64174a37b807,69cb2157-b620-3c51-9c94-f516462d2d55,Anh979 Schroeder447,F,GENERAL PRACTICE,11 WATER ST,ARLINGTON,MA,02476,42.41642055,-71.15424293038585,54,0
16d8499b-9c72-347a-baa7-ca8b5389cc22,615416de-5217-3c11-9828-2d4bacd1d9cb,Keli839 Williamson769,F,GENERAL PRACTICE,434 ROUTE 134,HYANNIS,MA,026011854,41.6753274,-70.309939,2,0
86419f28-7e24-38ac-9758-399d832feed6,218e58e4-9642-3ebd-9b39-34d15f22c620,Jung484 Lowe577,F,GENERAL PRACTICE,977 MAIN ST,WALTHAM,MA,024517406,42.376452150000006,-71.25063779999999,30,0
dc4a0354-45b1-3060-90c1-d26813279cb5,9a20d707-68e4-32c0-b2b2-2f5d5c2012cd,Gerard367 Pouros728,M,GENERAL PRACTICE,131 CAMBRIDGE ST STE 1,BURLINGTON,MA,018033711,42.50284395,-71.19574553661971,98,0
ba0ab99a-e9da-3490-8525-fe815588e333,f90ef475-defe-363d-a926-573b38f804a2,Bea654 Schiller186,F,GENERAL PRACTICE,54 HOPEDALE ST,HOPKINTON,MA,017481672,42.2288875,-71.5196439,114,0
4a563610-7184-30e7-bc60-16a9773d5e5d,071a898d-3535-39fd-bf61-d33301aacd04,Jefferey580 Luettgen772,M,GENERAL PRACTICE,104 CHARLES ELDRIDGE RD,LAKEVILLE,MA,023471370,41.8459353,-70.9494854,46,0
0ac8e138-3592-3e97-896e-ef31c2aac51b,41f66e18-8eb7-32f2-9371-7df5bf2b8d21,Lourdes258 Ozuna605,F,GENERAL PRACTICE,170 UNIVERSITY DRIVE,GREENFIELD,MA,013011238,42.6097476,-72.5979752,12,0
678fa2ee-5624-32dd-8ce0-6e8f24dd18b6,a25107f7-f4f5-36fc-98e4-f3e1b5875c91,Tracy345 Wilderman619,M,GENERAL PRACTICE,1285 BEACON ST,WOBURN,MA,018012157,42.4979478,-71.1684508,9,0
ed26debf-ee63-3c5d-a6bd-7509cdc1d0a0,0e6c3ad1-24c1-34cb-bb6d-e8438fa319e2,Vern731 Casper496,M,GENERAL PRACTICE,50 DODGE ST,SWAMPSCOTT,MA,019071300,42.4699241,-70.9171507,308,0
e1eaacb0-b363-360b-b232-2fa5586ee1e5,3662bcd2-07cc-364c-bd86-161bb738aacf,Arielle168 Dare640,F,GENERAL PRACTICE,1340 CENTRE ST STE 208,NEWTON,MA,024611900,42.3281027,-71.19582114345262,2,0
f2c49bf9-aa07-3615-9ee8-8f84c8562921,05fcf001-ab24-3d7d-85f7-f64942d82738,Nickolas58 Schumm995,M,GENERAL PRACTICE,250 POND STREET,FRAMINGHAM,MA,017014592,42.2838619,-71.4093719,1177,0
47e4963e-873d-3e4f-b8d6-c50e45ce229f,7e6db51f-7c1b-3555-9e1c-6269ba6d704d,Drew592 Streich926,M,GENERAL PRACTICE,120 STAFFORD STREET SUITE 206,WORCESTER,MA,016031461,42.239638,-71.8443785891577,4,0
ee549893-c26b-3a9b-8399-316e11681ae2,e7b77e8f-b607-3273-aef9-ad1bca48813f,Ivonne773 Turcotte120,F,GENERAL PRACTICE,209 W CENTRAL ST STE 216,NATICK,MA,017603716,42.28202598359604,-71.3899479380402,40,0
c72a7a69-9f63-3298-87b1-94aee56d8098,05cd3fbb-08ce-38bf-b680-721a3e902d43,Lacy523 White193,M,GENERAL PRACTICE,9 WARREN CT,SALEM,MA,019703163,42.51586993877551,-70.90514912244899,47,0
f0f2a30b-e730-3c6f-a2b1-72cefbaf8ce6,0e3a24c3-b772-3059-b3fd-8a4710068a82,Rex53 Gerhold939,M,GENERAL PRACTICE,416 BROADWAY,RAYNHAM,MA,027671737,41.940680799999996,-71.07864352196617,32,0
18b0d1b4-d0b7-3fc2-abe9-0b6d9dd708e7,7d627533-adbd-320a-9054-db91a2811597,Rachell479 Schroeder447,F,GENERAL PRACTICE,480 JACKSON ST,METHUEN,MA,018444020,42.7327291,-71.16807304424162,2,0
7865047d-5b7e-3c06-9c11-2a10870fda14,40d5ac54-6e92-353d-8bce-63afb7e8fb0b,Magaly973 Jacobs452,F,GENERAL PRACTICE,1325 SPRINGFIELD STREET STE 12,PITTSFIELD,MA,012016187,42.451302,-73.260018,15,0
f84a7d30-6550-3a2f-9114-53dc159ab177,8dcaef28-eeff-348a-b5f6-cc14f3cf5ec8,Jamey282 Carroll471,F,GENERAL PRACTICE,135 BENTON DRIVE,EAST LONGMEADOW,MA,010283117,42.05060015,-72.53143410709065,1,0
15c6c001-4b5f-33d9-938b-ac1cc78a48d1,9adfae03-673d-365d-9052-f705098fa3e4,Daniel959 Wolff180,M,GENERAL PRACTICE,51 BLOSSOM ST,BOSTON,MA,021142699,42.36305545,-71.06643399281765,216,0
4077ccd9-762b-3772-bbdc-6db6fee1dcca,25431f9a-00e4-36d8-9810-4125328eec50,Paris331 Ruecker817,M,GENERAL PRACTICE,55 FRUIT ST,WALTHAM,MA,02451,42.3756401,-71.2358004,46,0
23f50c60-e75a-3d8d-a884-a30c387da0c2,a130ed39-d3a2-3b2a-91fe-0c14f5e26eb2,Walker122 Nicolas769,M,GENERAL PRACTICE,EAST CREEK ROAD,NANTUCKET,MA,025544015,41.273999,-70.091114,8,0
5d1aa9f9-a998-336b-870f-26d4e31b3ce1,89171335-b9c0-3326-98d6-a837d432b9fd,Louis204 Hauck852,M,GENERAL PRACTICE,150 FLANDERS ROAD,LYNN,MA,019042915,42.466763,-70.9494939,92,0
8bcf361f-63ac-309e-bb65-5de1928040b9,01bde980-bf89-3138-8912-7360dff33247,Bradly656 Lang846,M,GENERAL PRACTICE,456 PARK AVE,WORCESTER,MA,016101254,42.25512735,-71.82580924803523,32,0
518724cb-895c-341a-bf4e-4136e27c5c09,979d5316-97f4-335d-af9d-d0afba85dc6a,Jolyn4 Borer986,F,GENERAL PRACTICE,57 PROSPECT ST,NANTUCKET,MA,025542799,41.27514065,-70.10108985970798,71,0
09af9ba4-d9ec-3578-8e75-e934250ebabb,217cb6f6-e822-3831-9d9d-ffa104971042,Luther918 Jakubowski832,M,GENERAL PRACTICE,2 REHABILITATION WAY,WOBURN,MA,018016003,42.46352265,-71.161925472006,465,0
b6e2ccb3-bc04-3939-8269-eef78e793db5,8a6e21d0-da20-3378-8176-4e5ad2b51983,Laine739 Torphy630,F,GENERAL PRACTICE,84 ELM STREET,HOLLISTON,MA,017462138,42.20234485,-71.42493275079366,5,0
66aff7c1-9eb7-38e8-b524-11e28842d783,4e56c7ec-99e5-3023-8e4f-95ad18a03f06,Duane703 Bosco882,M,GENERAL PRACTICE,28 RIVERSIDE DR STE 101,PEMBROKE,MA,023594947,42.11004715,-70.77534154695786,48,0
c42cb51e-7833-35f7-b7d1-03d0d3c1dae3,e2a8b444-9b8f-36ff-84c4-05ee98589482,Elmer371 Gusikowski974,M,GENERAL PRACTICE,8 SHIPWAY PL # C-8,CHARLESTOWN,MA,021294301,42.3778749,-71.0619957,335,0
f919f4be-ebad-37b5-8ba8-cabf5663d530,3517aff1-b163-3cd5-8fff-19710fcdc1b7,Ladawn167 Cremin516,F,GENERAL PRACTICE,400 HEMENWAY STREET,MARLBOROUGH,MA,017526762,42.36006255767826,-71.5077613040944,1,0
77f55baa-02a3-36f7-bec2-a3a23654e91c,18d2c9c2-4b92-3664-9b8e-419aff3ce942,Raymon366 Block661,M,GENERAL PRACTICE,175 GROVE STREET,BRAINTREE,MA,021847253,42.19127375,-70.99279579751581,10,0
1df90ca6-cff8-34e6-8ea2-43eb1a53d4c1,121b0ad1-1beb-3caa-9271-3d3f726bb727,Cortez851 Price929,M,GENERAL PRACTICE,1030 MAIN STREET,WALTHAM,MA,024517447,42.375828,-71.2527956,212,0
240346f1-8dee-3132-bd42-8f031d9a8017,e1892a2c-6dca-3c4c-93b7-0e00a9eb8b61,Maragaret140 Erdman779,F,GENERAL PRACTICE,20 EAST ST,HANOVER,MA,023391638,42.1278249,-70.82664947485381,99,0
db78c154-69fb-3bef-878e-43aa6e08c988,67cade01-dcfe-37b7-8e2c-b712d9e6fbba,Lelah386 Wintheiser220,F,GENERAL PRACTICE,694 MAIN ST,HOLDEN,MA,015201862,42.3406819,-71.8390289,28,0
b1f1cf86-5193-3d1f-9f36-9cc2335f94fc,11a40a26-a5a3-331d-aef0-d06dd90e2b4e,Miguel815 Crespo500,M,GENERAL PRACTICE,10 OSTERVILLE WEST BARNSTABLE RD,YARMOUTH PORT,MA,026752000,41.7020544,-70.249465,20,0
115db3d1-d644-33fe-89ea-1ab39b98d97a,b954c464-11ea-312b-a3f8-1350775bfa54,Rupert654 Walker122,M,GENERAL PRACTICE,123 CAPTAIN'S ROW,CHELSEA,MA,021504019,42.3917638,-71.0328284,74,0
b28d2616-a94e-373e-84d9-835d70bde003,9f368e75-397f-3d77-a317-9a005512a4e2,Franklin857 Pfannerstill264,M,GENERAL PRACTICE,381 PARK AVE,WORCESTER,MA,016101026,42.2583962,-71.82204240042036,29,0
2c6b1405-e49d-345b-826c-8c05e44a4b02,4d3ec6c2-f6aa-3d7b-adcc-e7107dac8530,Armand155 Schultz619,M,GENERAL PRACTICE,14 MASONIC CIRCLE,AUBURN,MA,015011341,42.181923125,-71.86839612499999,9,0
b04208a7-c3b5-345a-bc50-9bef5de633f3,95f6c328-96dd-3fb8-a56e-9aad566094b4,Burton124 Schoen8,M,GENERAL PRACTICE,4 STONY HILL ROAD,WILBRAHAM,MA,010951027,42.1552861,-72.48384800788648,5,0
c3266c23-0ddd-3954-836d-16a5fbc27a49,485ae27b-c5ba-3fd0-9a16-c9eea20be185,Lael572 Kris249,F,GENERAL PRACTICE,275 MARTINE STREET  SUITE 202,FALL RIVER,MA,027231518,41.68393816525316,-71.1220830626733,5,0
fc5ce521-0b37-3c7a-b119-ec1e6653912e,1676f96e-65fc-350d-918b-453697bf07ff,Karisa693 D'Amore443,F,GENERAL PRACTICE,120 LONGWATER DRIVE,NORWELL,MA,020611653,42.15682485,-70.8792143504961,1,0
799d3562-92a3-3e70-bd21-bce7b2fde08c,6d16a8e3-3569-38ab-afac-a2f8c1125085,Miguelina323 Crona259,F,GENERAL PRACTICE,1010 WALTHAM STREET,LEXINGTON,MA,024218052,42.4139392,-71.22929265883278,7,0
8d2b7e06-6ee7-368a-a248-8dc0dc8c26b1,76baa51d-0d0f-359d-a07b-7b999a43d42e,Dong972 Gibson10,F,GENERAL PRACTICE,101 STATION DR STE 240,WESTWOOD,MA,020902336,42.20728361922244,-71.15698168263435,31,0
32bf75b9-269b-3712-9232-a584671ac814,02d7b144-352f-3eac-97db-6fc4a95bf1fa,Dante562 Reinger292,M,GENERAL PRACTICE,120 SEMINARY AVENUE,AUBURNDALE,MA,024662650,42.34002614299451,-71.24911543639162,7,0
25565b27-c460-3473-b21e-547c874f4cb4,53f086de-2fc7-3d35-92c2-aca4ed944e7f,Carisa395 Kutch271,F,GENERAL PRACTICE,1 GENERAL ST,LAWRENCE,MA,018412961,42.7097143,-71.15007700778098,329,0
57c35b5b-8fda-3beb-80a1-2514395a1bb5,44fc48e3-3fcf-3cea-b879-18d33cd93486,Malcolm243 Strosin214,M,GENERAL PRACTICE,146 DEAN ST,TAUNTON,MA,027802716,41.90428012423625,-71.0752596159568,1,0
0c809024-0680-3993-aff5-830cdf8228a6,20f63278-6709-3195-b767-782d2a10bd5c,Jamie386 Krajcik437,M,GENERAL PRACTICE,640 CONCORD AVENUE,CAMBRIDGE,MA,021381116,42.389222000000004,-71.14799280677965,3,0
dae4b402-b1cd-3578-a2e1-10751ba9681d,c709c5eb-ddd7-3778-84f7-0931a4d1c718,Jim478 Goyette777,M,GENERAL PRACTICE,1200 CENTRE ST,ROSLINDALE,MA,021311000,42.29768,-71.130463,66,0
47bafb2f-5938-3e13-9db8-7d8f34d137cf,c05d73d0-b348-32ce-9fe5-13a720950f37,Rema399 McDermott739,F,GENERAL PRACTICE,45 DRUM HILL RD,CHELMSFORD,MA,018241503,42.6255635,-71.3615131,12,0
efca9dc2-cef6-369e-a258-b06d6a640117,0e061004-bcc0-3e99-a237-d700823e817b,Cesar434 Lehner980,M,GENERAL PRACTICE,570 BALDWINVILLE RD,BALDWINVILLE,MA,014361351,42.5953045,-72.07447782689232,27,0
a19fbe6d-7868-3668-883c-3472d647f711,d70d47dc-b40c-3a04-8342-35cbfe716409,Marcelino726 Hilpert278,M,GENERAL PRACTICE,83 LITTLEFIELD RD,NEWTON,MA,024593010,42.3104327,-71.18883283411856,30,0
2805803e-d2d4-3f56-8411-4b308bd3b6b5,0592d4e5-a0fb-3143-83cd-8e5a6b066a96,Ana Luisa894 Gallardo890,F,GENERAL PRACTICE,20 EAST ST,HANOVER,MA,023391638,42.1278249,-70.82664947485381,106,0
83943378-8009-3327-bc58-a8af7a63ce99,c67ca7ed-4769-3b6c-a0a9-993f1227ff10,Allen322 Veum823,M,GENERAL PRACTICE,1 BLACKBURN DR,GLOUCESTER,MA,019302237,42.6269312,-70.65555242413386,62,0
34e4d957-df01-34de-9ebd-bde998dc1df6,6b9c5830-a278-38ff-887f-ccefd74cf8e8,Fawn386 Hettinger594,F,GENERAL PRACTICE,184 LINCOLN STREET,NORTH EASTON,MA,023561799,42.06665855,-71.11947646404934,29,0
449c9550-65fd-382b-910b-4cd0168a2007,612fb151-095d-3d11-942b-5907216f4dbb,Chere867 Crona259,F,GENERAL PRACTICE,34 HAVERHILL ST,LAWRENCE,MA,018412884,42.71186535,-71.15197382279813,30,0
1a4c5b14-105b-3cfd-8bf8-fe6bc5561c1d,7b5bf0fc-c5c0-3f22-980b-fdfff326a9b4,Tabitha433 Kling921,F,GENERAL PRACTICE,40 CUMBERLAND AVE,NORTH ATTLEBORO,MA,027604445,41.9316677,-71.35407469790115,1,0
ba5c100f-0eaa-3334-9fac-55f3852fc867,ba07b31b-bf14-39b8-be95-4c5ca5062daa,Kim439 Hyatt152,M,GENERAL PRACTICE,1575 CAMBRIDGE ST,CAMBRIDGE,MA,021384308,42.375209549999994,-71.10711344152975,82,0
804d3dd2-8948-3534-bf60-d30321368576,6aae7a31-90df-3455-ad8d-81f8cf2d21e8,Houston994 Funk324,M,GENERAL PRACTICE,680 CENTRE ST,BROCKTON,MA,023023308,42.0872752,-70.9910738855076,282,0
fd029434-a5ff-3582-a5d1-c984c3cbf6ac,14036728-b721-3e4b-8755-8ee8ab6ed15e,Melodie819 Schmeler639,F,GENERAL PRACTICE,625 MOUNT AUBURN ST,CAMBRIDGE,MA,021384518,42.375351,-71.1468628,46,0
